ID,Brand,Hue,501,505,509,513,517,521,525,528,532,536,540,544,548,552,555,559,563,567,571,575,579,582,586,590,594,598,602,606,609,613,617,621,625,629,633,636,640,644,648,652,656,660,663,667,671,675,679,683,687,690,694,698,702,706,710,714,717,721,725,729,733,737,741,744,748,752,756,760,764,768,771,775,779,783,787,791,795,798,802,806,810,814,818,822,825,829,833,837,841,845,849,852,856,860,864,868,872,876,879,883,887,891,895,899,903,906,910,914,918,922,926,930,933,937,941,945,949,953,957,960,964,968,972,976,980,984,987,991,995,999,1003,1007,1011,1014,1018,1022,1026,1030,1034,1038,1041,1045,1049,1053,1057,1061,1065,1068,1072,1076,1080,1084,1088,1092,1095,1099,1103,1107,1111,1115,1119,1122,1126,1130,1134,1138,1142,1146,1149,1153,1157,1161,1165,1169,1173,1176,1180,1184,1188,1192,1196,1200,1203,1207,1211,1215,1219,1223,1227,1230,1234,1238,1242,1246,1250,1254,1257,1261,1265,1269,1273,1277,1281,1284,1288,1292,1296,1300,1304,1308,1311,1315,1319,1323,1327,1331,1335,1338,1342,1346,1350,1354,1358,1362,1365,1369,1373,1377,1381,1385,1389,1392,1396,1400,1404,1408,1412,1416,1419,1423,1427,1431,1435,1439,1443,1446,1450,1454,1458,1462,1466,1470,1473,1477,1481,1485,1489,1493,1497,1500,1504,1508,1512,1516,1520,1524,1527,1531,1535,1539,1543,1547,1551,1554,1558,1562,1566,1570,1574,1578,1581,1585,1589,1593,1597,1601,1605,1608,1612,1616,1620,1624,1628,1632,1635,1639,1643,1647,1651,1655,1659,1662,1666,1670,1674,1678,1682,1686,1689,1693,1697,1701,1705,1709,1713,1716,1720,1724,1728,1732,1736,1740,1743,1747,1751
S1,DOC,opaque,0.291843887,0.303875257,0.315535883,0.322914948,0.328195431,0.333529439,0.336806415,0.343836811,0.355887859,0.373755119,0.39313108,0.407742997,0.415215129,0.414705642,0.400328963,0.06113913,0.05545201,0.0542477,0.05144219,0.0472574,0.04397992,0.0457181,0.04799508,0.04734031,0.04586051,0.04549839,0.04858461,0.04889373,0.04750063,0.04913858,0.05545325,0.06362598,0.06837481,0.07040141,0.07160718,0.0753573,0.08166411,0.08311456,0.08631483,0.09400145,0.09785279,0.1003258,0.1044098,0.1122886,0.118179,0.1206925,0.124895,0.1305148,0.1408056,0.1803873,0.3075826,0.508688,0.5238093,0.3625986,0.243062,0.1898269,0.1740965,0.1739022,0.1818444,0.196335,0.2140989,0.2353798,0.2599933,0.28568,0.311232,0.3339474,0.3513065,0.3506259,0.3125561,0.2627098,0.2224653,0.1993826,0.1896004,0.1826079,0.1685423,0.1518454,0.142961,0.1440573,0.1449504,0.1366667,0.1306998,0.1293115,0.1260318,0.1217954,0.1195957,0.1176376,0.1142659,0.1115539,0.1082311,0.1019459,0.09471135,0.08656651,0.08169294,0.07986172,0.07440622,0.06629452,0.06147209,0.05877374,0.05737957,0.05483824,0.05073674,0.04681631,0.04520506,0.04760699,0.05182999,0.05396447,0.05350275,0.05099411,0.04408993,0.03672148,0.03349495,0.03417626,0.03984037,0.04671221,0.05219147,0.05770364,0.06535366,0.07182593,0.06794561,0.06201673,0.06021066,0.05757326,0.05359038,0.04925573,0.04669288,0.04625003,0.0472529,0.04873501,0.04944943,0.05276996,0.05849891,0.06211963,0.06888776,0.08865985,0.1210959,0.1436104,0.14011,0.1193009,0.09525584,0.07938501,0.07534299,0.07722812,0.07769248,0.08247463,0.09453245,0.1112336,0.1245111,0.1299782,0.1282269,0.1237055,0.1277221,0.1498717,0.1625929,0.1457759,0.1261002,0.1184241,0.1201705,0.1311838,0.1497343,0.1663643,0.171973,0.1652465,0.1544768,0.1475184,0.1475723,0.1572157,0.1804072,0.2124545,0.246869,0.279266,0.3013781,0.3077849,0.3192122,0.3370993,0.3489529,0.3575863,0.3377927,0.2873786,0.2461851,0.2220709,0.2156967,0.2218347,0.2171141,0.1915535,0.1685852,0.1646453,0.1892146,0.2207244,0.2120761,0.1869998,0.1851446,0.2066282,0.2369406,0.2574068,0.2687261,0.2509267,0.2074738,0.1720985,0.1526257,0.141537,0.1304761,0.1181572,0.11603,0.1403664,0.1559593,0.1352968,0.1268008,0.1165195,0.09403717,0.07613706,0.0688263,0.07073422,0.0823853,0.1027092,0.1285221,0.1617959,0.1988081,0.1942338,0.1365165,0.09369238,0.07927671,0.08143267,0.09119268,0.09782083,0.0904479,0.08132533,0.08075052,0.08587682,0.08623133,0.08003299,0.07350113,0.06951714,0.06588746,0.06438775,0.06173449,0.052147,0.04424667,0.04394388,0.04786103,0.05005485,0.05910505,0.07854457,0.1013509,0.1231823,0.150021,0.1925951,0.2505587,0.2798441,0.2473445,0.2121042,0.1893758,0.1667796,0.147661,0.1380243,0.1318399,0.1354858,0.1734566,0.2239199,0.2028362,0.1586086,0.1605162,0.2381396,0.325977,0.3632516,0.3173347,0.2095284,0.1415199,0.1006783,0.07340554,0.06201921,0.06250255,0.06652749,0.07126433,0.07074081,0.05846164,0.04502596,0.04044079,0.03591364,0.03593437,0.04267309,0.05415386,0.06625681,0.07937217,0.09179319,0.1056041,0.1159843,0.1038837,0.07599866,0.05680929,0.04485876,0.03467639,0.0274689,0.02306692,0.02146791,0.02041199,0.01998258,0.02068341,0.02247113,0.02522611,0.02888572,0.03113094,0.03502551,0.04621605,0.07860453,0.1016812,0.07741444,0.05209399,0.04349595,0.04811392,0.0556535,0.07113945,0.08910827,0.1053426,0.1301343,0.1668473,0.2558421,0.3954044,0.5050005,0.5805268,0.5700998,0.4318486,0.2959017,0.1822366,0.1087113,0.06025409
S2,DOC,opaque,0.291843887,0.303875257,0.315535883,0.322914948,0.328195431,0.333529439,0.336806415,0.343836811,0.355887859,0.373755119,0.39313108,0.407742997,0.415215129,0.414705642,0.400328963,0.04295802,0.03803104,0.02736549,0.02030945,0.01953657,0.02140706,0.02164257,0.01621975,0.01254934,0.01485056,0.0184091,0.02233949,0.02392349,0.02724658,0.03422189,0.04531464,0.05686031,0.06279099,0.06642373,0.07251804,0.07934576,0.0810833,0.0830423,0.09343407,0.1056071,0.1154566,0.1211929,0.1254783,0.1312481,0.1411278,0.1513902,0.1616366,0.1753194,0.1949286,0.24244,0.3790621,0.6058239,0.6352303,0.4422897,0.2966079,0.2343867,0.2199409,0.2250988,0.2382794,0.2550648,0.275186,0.3027643,0.3332145,0.3628575,0.3953854,0.4265051,0.4483102,0.4408182,0.3922317,0.3363003,0.2877207,0.2589316,0.2464822,0.2382156,0.2272964,0.2152639,0.2053271,0.2043976,0.2062634,0.1994086,0.1923431,0.1939179,0.1942424,0.1897184,0.1851552,0.17976,0.1765521,0.1777841,0.1763553,0.1706877,0.1606969,0.152236,0.1481187,0.142966,0.1319103,0.1227866,0.116258,0.1102522,0.1065123,0.1034295,0.09952603,0.09461007,0.08961806,0.08913659,0.09210934,0.09303403,0.08843908,0.08193699,0.07374267,0.06339775,0.05837863,0.05766229,0.05850592,0.06049305,0.06481814,0.07166435,0.08087205,0.08437145,0.07699999,0.07034686,0.06762899,0.06121115,0.0527443,0.04608656,0.04105198,0.03712009,0.03496065,0.03433806,0.03459579,0.03641881,0.03868839,0.04132928,0.05124003,0.07607614,0.1142869,0.1436274,0.1413873,0.1167275,0.08659554,0.06374262,0.05753502,0.06115637,0.06228389,0.06887623,0.08675117,0.1089463,0.1261791,0.1306046,0.1255944,0.1181866,0.1216329,0.1490759,0.1663155,0.1451005,0.1270789,0.1263554,0.1337657,0.1462919,0.1661017,0.1898863,0.1996977,0.1921992,0.1795757,0.1704292,0.1740665,0.1905501,0.2205849,0.2625144,0.3053311,0.3464903,0.3744598,0.3777896,0.3885404,0.4093099,0.420448,0.4274803,0.4058716,0.3479766,0.3009669,0.2753642,0.2671192,0.2737339,0.268512,0.2382226,0.2137779,0.2132941,0.2422485,0.276411,0.2671577,0.2425817,0.2420392,0.2650874,0.298478,0.3191806,0.3300645,0.3124885,0.2658962,0.2290381,0.2096592,0.1965952,0.1843613,0.1720396,0.1691238,0.1920753,0.2077276,0.1867464,0.1781031,0.168237,0.1460302,0.1289815,0.120127,0.1180745,0.1276131,0.1479669,0.1732675,0.20629,0.2475965,0.2474522,0.187312,0.1397374,0.1226849,0.1240239,0.1344615,0.1424859,0.1332135,0.1216497,0.1213182,0.1265531,0.1248699,0.1162817,0.1068825,0.1008377,0.09509855,0.08844882,0.08182029,0.06881166,0.05843856,0.05726255,0.05822944,0.05816257,0.06913005,0.09338675,0.1196717,0.1450779,0.1793628,0.2337325,0.3088888,0.3460374,0.2984168,0.255096,0.2306556,0.202854,0.1753405,0.1599635,0.1508803,0.1529112,0.1991603,0.2643939,0.2326113,0.1715424,0.1719024,0.2604882,0.3612753,0.4069626,0.3622768,0.2424663,0.1594828,0.1073351,0.07339652,0.06004352,0.05992685,0.06464818,0.07089089,0.07102994,0.05487891,0.03769677,0.03314166,0.02952574,0.03019765,0.03779898,0.05248069,0.06910538,0.08577399,0.1009621,0.1187646,0.1336574,0.11898,0.08517331,0.06330992,0.05023697,0.03977642,0.0328572,0.02852738,0.02724986,0.02749516,0.0287676,0.03187747,0.03645055,0.03933205,0.04402693,0.04854745,0.05427725,0.06784644,0.1051322,0.1306237,0.10427,0.07936827,0.0729503,0.07784043,0.08668429,0.1066495,0.1311945,0.1525975,0.1840342,0.2273727,0.3305641,0.4995768,0.63341,0.727007,0.7162661,0.5427103,0.3761671,0.2362891,0.1470286,0.09079032
S3,DOC,opaque,0.04906672,0.04577744,0.04741947,0.05722452,0.05965965,0.05829871,0.06062191,0.06542373,0.06524383,0.06966096,0.07239108,0.07730947,0.08431713,0.07996228,0.0742263,0.06810589,0.06090812,0.05627126,0.05531612,0.05429373,0.05201618,0.05371545,0.05253177,0.04994354,0.05051239,0.05425912,0.05550377,0.05165284,0.05141631,0.05771136,0.06391974,0.07137761,0.07837746,0.07787717,0.07773555,0.08099345,0.08445145,0.08961777,0.09182123,0.09122783,0.09381216,0.1020781,0.1102149,0.1133808,0.1181847,0.1254176,0.1300421,0.1298584,0.1425844,0.1874348,0.3088864,0.4969875,0.5165685,0.3642352,0.2418871,0.1865402,0.1749494,0.1791305,0.1829869,0.1896898,0.2048279,0.2314148,0.2602212,0.2843845,0.3073272,0.3279251,0.343426,0.3426225,0.3073063,0.2592385,0.2215569,0.2027691,0.1935431,0.1835489,0.1719391,0.1589724,0.1488677,0.1463512,0.1452457,0.1373539,0.1321469,0.1315146,0.1315365,0.1315816,0.1274074,0.1205166,0.115969,0.1150149,0.1137724,0.1070957,0.09906696,0.09161837,0.08752209,0.0873687,0.08078532,0.07398383,0.0722625,0.07080656,0.06445751,0.05865274,0.05627197,0.05319902,0.05232562,0.05690719,0.06302997,0.06187461,0.05816163,0.05590083,0.05010326,0.0424844,0.04114835,0.04714544,0.04946429,0.0512548,0.05955976,0.06675328,0.07455104,0.08196285,0.07911646,0.0736133,0.07206783,0.07071889,0.06932376,0.06778532,0.06445466,0.06276553,0.06556971,0.07011141,0.07422622,0.07687286,0.08018325,0.08373667,0.09270091,0.1151504,0.1480575,0.1723647,0.1694136,0.1481635,0.1232009,0.1055213,0.1004836,0.1019423,0.1013515,0.1039938,0.1139256,0.1289654,0.1426351,0.1482568,0.147045,0.1422154,0.1435162,0.1684455,0.1830281,0.1607186,0.1416645,0.1375112,0.1392034,0.1474133,0.1629563,0.1790307,0.1836452,0.1756004,0.1649344,0.1585259,0.1592117,0.168236,0.1882618,0.2201888,0.2544497,0.283469,0.3029935,0.3068473,0.317806,0.3400917,0.3522542,0.3564669,0.3385464,0.2889182,0.2475301,0.2260082,0.2197833,0.2248443,0.2216079,0.1965545,0.1712322,0.1670942,0.1918026,0.2231404,0.2171241,0.1928914,0.1889114,0.2074172,0.2360046,0.2558081,0.2665914,0.2508635,0.2103491,0.1771982,0.1584882,0.1463696,0.1348505,0.1231129,0.1202048,0.1422072,0.1586776,0.1408185,0.1321939,0.1218844,0.09974917,0.08363839,0.07620613,0.0756121,0.08675724,0.1071795,0.1312153,0.161904,0.1982818,0.1973471,0.1439095,0.1011273,0.08581242,0.08817247,0.09822328,0.1061913,0.09997389,0.09098418,0.09210091,0.09841961,0.09878988,0.0930374,0.08760932,0.0854422,0.08530495,0.08617318,0.08404286,0.07596014,0.07061351,0.07250899,0.07843394,0.08227292,0.09221861,0.1120481,0.1344763,0.1553429,0.1818531,0.2229988,0.2797035,0.3067361,0.2703587,0.2344455,0.2121553,0.1888238,0.167696,0.1560406,0.1494877,0.1525607,0.1896982,0.2373856,0.2127455,0.1671264,0.1687014,0.243802,0.3276645,0.3632857,0.3258376,0.2257761,0.157365,0.1150044,0.08537984,0.07070509,0.07018462,0.0750112,0.08108912,0.08115415,0.06754223,0.05252369,0.04771988,0.04385707,0.04334648,0.04937863,0.06093256,0.07302497,0.08502917,0.09616857,0.1099962,0.1205214,0.1085973,0.08144706,0.06325556,0.05191975,0.04251973,0.03614469,0.03153298,0.0301046,0.03058293,0.02939103,0.02799359,0.02796882,0.03121233,0.03465364,0.03698737,0.04144271,0.0533378,0.08503844,0.1072047,0.08308455,0.05785901,0.04745469,0.05015733,0.05679811,0.07234598,0.09180792,0.1073572,0.1308915,0.1664957,0.2539026,0.3924237,0.5001596,0.5761367,0.5680307,0.4307329,0.2976812,0.1850615,0.1120801,0.06296742
S4,DOC,opaque,0.03596864,0.04025277,0.04256143,0.04653455,0.05024039,0.0524522,0.05244659,0.05186584,0.05591859,0.06075539,0.06237901,0.06421873,0.06995303,0.06521577,0.05311817,0.04513928,0.04045188,0.03690591,0.0339757,0.03106228,0.02688709,0.02153329,0.01963123,0.02435888,0.02591552,0.02633074,0.03072509,0.02858736,0.02680574,0.03209015,0.04072721,0.05350043,0.06138602,0.06109809,0.05845941,0.06270221,0.07069086,0.07705487,0.08274815,0.08733123,0.09324355,0.1040355,0.1115521,0.1144596,0.1202025,0.1262091,0.1309368,0.1400608,0.158997,0.2085391,0.347477,0.569655,0.5914937,0.4079622,0.2693844,0.2099496,0.1947036,0.1949865,0.2020414,0.2171622,0.2370686,0.2652118,0.2971878,0.3242581,0.3511673,0.3793662,0.3981338,0.3937503,0.3543155,0.3005754,0.2560105,0.2294405,0.2136303,0.2031657,0.1906555,0.1781267,0.1691572,0.1703621,0.173802,0.1660799,0.1555427,0.1553589,0.1574494,0.1537368,0.1480991,0.1429234,0.1404119,0.1430977,0.1441884,0.1375287,0.1259722,0.1173417,0.1140941,0.1130146,0.104763,0.09555302,0.09075908,0.08837657,0.08583131,0.08169046,0.07912219,0.07761652,0.07763312,0.08036924,0.08232494,0.08260754,0.08022258,0.07789362,0.07094933,0.06024438,0.0551971,0.05639035,0.05931645,0.06269509,0.0658007,0.07007305,0.07922672,0.08467834,0.0786581,0.07185779,0.06925019,0.06459312,0.05699169,0.05117919,0.04698101,0.04200957,0.0383935,0.03778442,0.03856497,0.04126854,0.04467514,0.0464046,0.05454762,0.0784254,0.1145593,0.1407342,0.1384724,0.1129832,0.08334998,0.0634558,0.05766664,0.06033856,0.05986162,0.06361616,0.07674794,0.09402429,0.1092554,0.1165437,0.1143805,0.1065802,0.1113235,0.1418549,0.1581368,0.1328055,0.1096699,0.1037707,0.1065485,0.1177171,0.1374126,0.1575086,0.1647382,0.1582317,0.1479005,0.1398536,0.1392531,0.1519797,0.1806799,0.2179969,0.2591968,0.2987721,0.3234299,0.3279163,0.3404565,0.3637059,0.3762531,0.3840543,0.3641537,0.30592,0.2576111,0.2324945,0.2257092,0.2331465,0.2286984,0.1978528,0.1725174,0.1710201,0.2004725,0.2361059,0.2258139,0.1981452,0.1964496,0.2215997,0.2554887,0.2788624,0.293312,0.2737346,0.2227885,0.1845932,0.1650813,0.1514982,0.1394476,0.1286972,0.1291585,0.1561579,0.173211,0.1520058,0.1435675,0.131838,0.1081814,0.09137645,0.08462837,0.08619981,0.09850249,0.1201871,0.1486578,0.1849651,0.2255263,0.2212655,0.1582731,0.1119631,0.09782498,0.1010393,0.1120125,0.1196723,0.1110273,0.1009136,0.1016932,0.1084981,0.1088302,0.1014368,0.09353454,0.08731583,0.08281659,0.08041789,0.07541138,0.06346639,0.05380167,0.05173641,0.05425401,0.05536652,0.06391548,0.08434498,0.1084509,0.1310049,0.1601576,0.2076462,0.27503,0.3102992,0.2735075,0.2349583,0.210144,0.1840094,0.160248,0.1463315,0.137607,0.1395142,0.1817522,0.2412189,0.2167355,0.1646085,0.1659682,0.2546646,0.3594596,0.4070875,0.3608079,0.2363968,0.1533249,0.1023163,0.06604386,0.04743521,0.04457702,0.05068379,0.05790191,0.05729866,0.04014598,0.02125083,0.01592581,0.01095015,0.008035292,0.01315186,0.026927,0.04220839,0.05779875,0.07189576,0.08815866,0.1006289,0.08641342,0.05315798,0.02975558,0.01558405,0.00494591,-0.003431683,-0.009498636,-0.01109752,-0.01069904,-0.01035387,-0.009611628,-0.007787596,-0.005123297,0.002037346,0.007447177,0.01289558,0.02780287,0.06824344,0.0947446,0.06535397,0.03816914,0.03113205,0.03536333,0.04417455,0.06382547,0.08701885,0.1058693,0.1349395,0.1758124,0.2739858,0.4306512,0.5559295,0.6438741,0.6299429,0.4681811,0.3133646,0.1838651,0.1003732,0.04623588
S5,DOC,opaque,0.04075639,0.03869353,0.03881264,0.03873226,0.0358878,0.04351284,0.05005444,0.04557886,0.04818989,0.05572563,0.05493084,0.05715365,0.05749371,0.05486158,0.05021387,0.04755623,0.04553573,0.03943384,0.03404776,0.02967511,0.02703185,0.02750804,0.02499223,0.0216961,0.0198757,0.02457573,0.02871336,0.02526744,0.02186196,0.02875658,0.03811076,0.04720809,0.05528349,0.06009835,0.06216784,0.06389038,0.0674575,0.07306667,0.07728196,0.08349999,0.08967724,0.09421721,0.1018063,0.1082517,0.1129034,0.114392,0.121494,0.1391474,0.1592517,0.208576,0.3496223,0.5657603,0.5792702,0.4025708,0.267056,0.2038512,0.1890752,0.1912751,0.1964248,0.2081576,0.2310098,0.2607983,0.2883512,0.3171832,0.3441623,0.3709984,0.395178,0.3920909,0.3460508,0.2928514,0.2504049,0.222478,0.2077454,0.1997334,0.1870324,0.1720295,0.1630158,0.163461,0.1649529,0.1586174,0.1557581,0.1534237,0.1500191,0.1482915,0.1457158,0.1437478,0.1418114,0.140575,0.1382024,0.1324329,0.122664,0.1142756,0.1086687,0.1053794,0.09829428,0.08936843,0.08396246,0.08224817,0.080131,0.07756165,0.07640018,0.07500593,0.07104914,0.07099244,0.07564475,0.07874209,0.07742287,0.07283002,0.06492309,0.05718937,0.05469041,0.05713944,0.06140621,0.06427778,0.06821948,0.07466286,0.08104911,0.08548782,0.08211622,0.07556596,0.07055613,0.06577391,0.05956728,0.05472032,0.05102101,0.04782677,0.04550935,0.0454833,0.04682295,0.04851843,0.05120678,0.05114426,0.05725862,0.08004478,0.1152082,0.1419085,0.1425421,0.120037,0.08977211,0.0678703,0.06084454,0.06157177,0.06220974,0.06691435,0.07928335,0.09522626,0.111043,0.1199676,0.1154431,0.1059697,0.1105831,0.1353613,0.1489416,0.1291864,0.1090051,0.1033015,0.1067543,0.1190804,0.1383648,0.1582442,0.1653382,0.1578417,0.1450316,0.1353565,0.1367464,0.1510325,0.1785565,0.2158427,0.2562063,0.293561,0.317488,0.321733,0.3330252,0.3556844,0.3681,0.37478,0.3556105,0.3010637,0.2546395,0.2297982,0.2221187,0.2268934,0.2230295,0.1954369,0.1703224,0.167679,0.1945478,0.2270491,0.2181391,0.1928346,0.1918478,0.2154521,0.2470389,0.2679174,0.2813745,0.2630368,0.2163423,0.181063,0.1608887,0.1468796,0.1349214,0.12343,0.1227259,0.147252,0.1632384,0.1438317,0.1367368,0.1267157,0.1045626,0.08821667,0.08114751,0.08279166,0.09481302,0.1151212,0.1412061,0.1751345,0.2133656,0.2109558,0.1529931,0.1086546,0.09463586,0.09871472,0.1093963,0.1176836,0.1112197,0.1018562,0.1016524,0.1069915,0.1069581,0.09981742,0.09243684,0.08764994,0.08466497,0.0823098,0.07763083,0.06690627,0.05780311,0.05549809,0.05861941,0.06081416,0.06952472,0.08922134,0.113555,0.1369227,0.1658716,0.2126184,0.2774582,0.3088923,0.2704169,0.2326221,0.2095862,0.1858838,0.1620817,0.1466952,0.1381316,0.1405271,0.1814051,0.2399621,0.2152967,0.1625321,0.1631293,0.2434236,0.3351713,0.3750716,0.3359455,0.2270975,0.1512368,0.1047781,0.07161894,0.05320535,0.04930821,0.05341038,0.0598458,0.06051156,0.04597619,0.02712725,0.02016466,0.01352572,0.01165517,0.01741676,0.0301811,0.0443446,0.05825475,0.07188997,0.0882541,0.1006219,0.08708582,0.05553258,0.03286331,0.01835531,0.006980887,-0.001673289,-0.007469513,-0.01003406,-0.0103207,-0.009008146,-0.008398007,-0.008002796,-0.006117326,0.000416861,0.005286038,0.0112737,0.02461209,0.06024065,0.0854825,0.05941628,0.03389463,0.02519173,0.02968756,0.03926251,0.06024244,0.08421065,0.1021083,0.1302085,0.1719979,0.2710118,0.426797,0.5511386,0.6416861,0.6323051,0.4691718,0.3122911,0.1813337,0.0976928,0.04418647
S6,DOC,fluo,0.1619998,0.1631259,0.178208,0.1910765,0.1998901,0.2095104,0.2176955,0.236498,0.2552118,0.26599,0.2783443,0.2932748,0.2980465,0.2898523,0.2705532,0.2484709,0.2268281,0.2098124,0.1991729,0.1888841,0.1798357,0.1822571,0.1920127,0.1998086,0.2017711,0.192459,0.1773957,0.1625278,0.1547052,0.150162,0.1467824,0.1446012,0.1381745,0.1305168,0.129736,0.1262144,0.1245837,0.126512,0.1386979,0.1584172,0.1833253,0.210376,0.2359931,0.2457916,0.2268765,0.2080873,0.1977407,0.1962865,0.2091281,0.2683596,0.4403051,0.6614345,0.6095489,0.4017295,0.256534,0.183456,0.1530554,0.1446998,0.1466244,0.1533796,0.1660949,0.18565,0.2073991,0.2329473,0.2660323,0.3038639,0.3395295,0.3572811,0.3344716,0.2842787,0.2338388,0.1961226,0.1727339,0.1578444,0.1520783,0.1532187,0.1565276,0.162558,0.1828014,0.231922,0.3035915,0.3365586,0.2931585,0.2342042,0.208872,0.2062834,0.2108112,0.217471,0.218532,0.2095325,0.1948458,0.1829097,0.1761079,0.1689113,0.1642559,0.1632255,0.1648528,0.1652335,0.1666356,0.1710678,0.1763556,0.1798448,0.1811241,0.1845605,0.1959307,0.2042056,0.1994303,0.185771,0.1752011,0.1676096,0.1633079,0.159727,0.156476,0.1565586,0.1634744,0.1713535,0.1787027,0.1840319,0.1906826,0.1984709,0.2082856,0.2158829,0.2233751,0.2373109,0.2521397,0.2662889,0.2840491,0.3039744,0.3274913,0.3575316,0.3919404,0.4352947,0.4885042,0.5446688,0.585776,0.6041178,0.6195,0.6267273,0.6130937,0.598501,0.5962043,0.5908623,0.5737796,0.5495311,0.5254985,0.5057293,0.4897527,0.4666925,0.4370362,0.4079235,0.391968,0.3919981,0.4016455,0.4032031,0.3852189,0.3637618,0.355449,0.3575833,0.3653879,0.3747905,0.3825301,0.386633,0.3919066,0.3989334,0.4011255,0.4074148,0.4511658,0.5491979,0.6795776,0.8035354,0.8783651,0.8605584,0.7603801,0.628068,0.5202395,0.4564508,0.4281204,0.415069,0.4021346,0.3906366,0.3867514,0.3854168,0.3779386,0.363218,0.3481953,0.3318732,0.3133961,0.2957157,0.2866458,0.2826552,0.2800138,0.2770187,0.2742431,0.273168,0.2750712,0.2801951,0.286605,0.2917829,0.2972654,0.3059755,0.3224523,0.3432266,0.3643156,0.3850439,0.4043352,0.4140138,0.4216659,0.4411889,0.4709667,0.4958537,0.5188696,0.550509,0.5870599,0.6212042,0.6502336,0.6636407,0.6590627,0.6401592,0.6201291,0.6050111,0.5996656,0.5995602,0.5939313,0.5756521,0.5491829,0.5224082,0.5017834,0.4848078,0.4663412,0.4448406,0.4259659,0.4144585,0.4042403,0.3887014,0.3733991,0.3602893,0.3538983,0.352693,0.3579583,0.3676698,0.3831098,0.404088,0.4302294,0.4622228,0.4991217,0.5566163,0.6410218,0.6733388,0.5976208,0.561154,0.5726085,0.5853405,0.6015146,0.6208138,0.6366926,0.6553326,0.7176549,0.7916698,0.7419636,0.6483755,0.6117858,0.5773441,0.5573433,0.5354867,0.5101348,0.4892252,0.4849773,0.4944223,0.5250078,0.5727635,0.6550214,0.6879405,0.7072825,0.7073717,0.6998281,0.6752724,0.6551861,0.6232464,0.6023536,0.5867417,0.5784125,0.5544382,0.5255404,0.5041172,0.5019985,0.4817477,0.419409,0.3393522,0.2837765,0.2455418,0.2224545,0.205644,0.1901993,0.1792383,0.1708969,0.1628591,0.1591067,0.1545819,0.1518323,0.1495604,0.1480506,0.1465836,0.1464012,0.1443806,0.1449378,0.1465717,0.1496838,0.1557634,0.1614119,0.165829,0.1768051,0.1931822,0.2092516,0.2259947,0.2464555,0.3018282,0.4094205,0.5156925,0.6073999,0.613469,0.481038,0.3537477,0.2570794,0.1985139,0.1612693
S7,DOC,fluo,0.1031314,0.110554,0.1338426,0.1465772,0.1428732,0.1467814,0.1550716,0.1618396,0.1709933,0.1810323,0.1942612,0.2046749,0.211211,0.2091275,0.1993936,0.1869513,0.1668781,0.1493213,0.1409818,0.1331559,0.1306762,0.1310134,0.1336691,0.140939,0.1466612,0.1415336,0.1258953,0.1093184,0.1010126,0.09918132,0.09337253,0.08923107,0.08646618,0.08253882,0.07912958,0.07481414,0.07374918,0.06970317,0.07233487,0.08988132,0.1155021,0.1411618,0.1568501,0.1572302,0.1414839,0.1227045,0.1096987,0.1103255,0.1249567,0.1725967,0.3076433,0.4788354,0.4482769,0.2888594,0.1711657,0.1085745,0.08325645,0.07669144,0.07505693,0.07996989,0.0930314,0.1068353,0.121225,0.1432572,0.1687927,0.1947884,0.2226001,0.239112,0.2278682,0.1926426,0.1505568,0.1166835,0.09543132,0.08476263,0.08243734,0.08401251,0.08675048,0.0945982,0.1150669,0.155781,0.2132907,0.2376595,0.2019854,0.1530881,0.130964,0.1325963,0.14212,0.1480742,0.1460766,0.1427423,0.1363303,0.125144,0.117763,0.1142947,0.1151626,0.1152762,0.1156656,0.1172284,0.1179062,0.1207035,0.1259953,0.1288574,0.1332735,0.1369898,0.1411711,0.1452092,0.1428616,0.1387782,0.133545,0.1261811,0.1214798,0.1187968,0.1173982,0.1162781,0.1211634,0.1293181,0.1341371,0.1377867,0.1436111,0.1492651,0.1547534,0.1612702,0.1699734,0.1783446,0.1871551,0.1979975,0.2115979,0.2250538,0.2402614,0.2584201,0.2799892,0.3090488,0.3457783,0.3844349,0.4149124,0.4329273,0.4478115,0.4532643,0.4447378,0.438279,0.4371989,0.4335728,0.4224634,0.4003331,0.3803402,0.370939,0.3630653,0.3432942,0.3162979,0.2949318,0.2843303,0.2846986,0.2952223,0.2986955,0.2856868,0.2672346,0.2587716,0.2604781,0.268789,0.2777366,0.2850829,0.2882794,0.2895325,0.2921168,0.2940456,0.3011634,0.3350068,0.4048631,0.5029187,0.6040521,0.6650165,0.6488527,0.5713192,0.4692386,0.3816275,0.3320302,0.3115501,0.3000892,0.289926,0.2827284,0.2788123,0.2779603,0.2741092,0.2620194,0.2489984,0.2341788,0.2193065,0.2076404,0.2014576,0.1991488,0.1976125,0.194553,0.1918343,0.1926745,0.1964692,0.1997687,0.2049154,0.2104027,0.2157162,0.2232557,0.2361515,0.2520225,0.2684004,0.284894,0.3008836,0.3089866,0.3150144,0.3291807,0.3522468,0.3715862,0.3886156,0.4127602,0.4416039,0.4675679,0.4883602,0.4966645,0.494007,0.4815442,0.4626622,0.4496045,0.447078,0.4456738,0.4414337,0.4311202,0.4112378,0.3903642,0.3744774,0.3610349,0.3476808,0.3315349,0.3165636,0.3062945,0.2983543,0.2881574,0.2788595,0.2707745,0.2656685,0.2638839,0.2696249,0.2791518,0.291033,0.3069945,0.3265262,0.3495375,0.3758712,0.4162193,0.4752707,0.4994062,0.4510332,0.4249763,0.4305516,0.4399329,0.4531602,0.4651585,0.4742098,0.4867275,0.5347089,0.590853,0.5535742,0.4814335,0.4541296,0.4307185,0.4157455,0.4002521,0.3827103,0.3685448,0.3664315,0.3740391,0.3947966,0.4249389,0.4871212,0.5168857,0.5339536,0.5363832,0.5243683,0.5035263,0.4924646,0.4689523,0.4518445,0.43913,0.4328471,0.4153973,0.3929617,0.3766913,0.3723969,0.3563721,0.3116097,0.2516904,0.2084994,0.1775147,0.1577471,0.145753,0.1358489,0.1275486,0.1202201,0.1127311,0.1090285,0.1042124,0.1014804,0.1004583,0.09998453,0.09823894,0.09753206,0.09615889,0.09546281,0.09616327,0.09845673,0.1014797,0.1052588,0.1090496,0.1177434,0.131731,0.1452668,0.1577867,0.1734737,0.2157733,0.2951529,0.3735769,0.4386409,0.4385921,0.3400275,0.247327,0.1781165,0.1363835,0.1097046
S8,DOC,fluo,0.2618113,0.2719799,0.2830769,0.2905401,0.3000714,0.3177061,0.3457704,0.3607245,0.3623753,0.3760009,0.3967106,0.4040487,0.4169364,0.4209822,0.4008175,0.3762264,0.3473019,0.315086,0.2991071,0.298222,0.295389,0.2909873,0.2998474,0.305594,0.3063942,0.3038716,0.2906985,0.2746396,0.2623665,0.2499704,0.2437287,0.2414564,0.2348072,0.2251668,0.2180845,0.2111137,0.2074156,0.2065686,0.218569,0.2389549,0.2731881,0.3197608,0.3456307,0.3499647,0.3350611,0.3034549,0.2799936,0.2822635,0.3096255,0.3823016,0.5771567,0.841323,0.778646,0.5331088,0.3637423,0.26865,0.2275227,0.216774,0.2178249,0.2257866,0.2411214,0.2656409,0.299358,0.3360817,0.3777922,0.4285999,0.4758492,0.4873657,0.4552196,0.3956682,0.3309759,0.2796576,0.2448397,0.2306331,0.2307496,0.2335258,0.237592,0.249574,0.2842266,0.3506173,0.4352224,0.4671833,0.4088597,0.3387099,0.3099377,0.3119744,0.3208966,0.3273721,0.3274959,0.3188939,0.3071237,0.2939199,0.2818734,0.2717726,0.2680655,0.2676585,0.2707818,0.2726991,0.2760316,0.2810042,0.2871658,0.292733,0.2972382,0.3036728,0.3138233,0.3193789,0.313788,0.3010479,0.2901832,0.2824158,0.2763788,0.2688315,0.2665561,0.2691863,0.2743337,0.2848868,0.294578,0.3015422,0.3093955,0.3178407,0.3270755,0.3386971,0.3521201,0.3652905,0.382154,0.401563,0.4221197,0.4456516,0.4735674,0.5037769,0.5406791,0.5876438,0.6438507,0.7086912,0.7668241,0.7889442,0.794512,0.7969664,0.7846868,0.7711308,0.7676434,0.7665222,0.7506534,0.7179953,0.6861997,0.6701443,0.6556705,0.6205869,0.5845088,0.5550438,0.5391839,0.543151,0.5548581,0.5540817,0.5304015,0.5069541,0.5002828,0.5047017,0.5162184,0.529992,0.5411866,0.5455573,0.5505572,0.5557046,0.558864,0.569828,0.6193413,0.7246522,0.8639952,0.9843814,1.049274,1.02614,0.9261849,0.7946507,0.6809338,0.6095775,0.5780393,0.5632198,0.5505618,0.5373879,0.5309976,0.5294823,0.5244129,0.5091431,0.4892656,0.4674192,0.4491023,0.4321982,0.4207675,0.4159483,0.4129071,0.40951,0.4062791,0.4078881,0.4120456,0.4148834,0.4215236,0.4292846,0.4368424,0.4488488,0.4670231,0.4889204,0.5147169,0.5418441,0.5646222,0.5733904,0.5826095,0.6056533,0.6391325,0.6666839,0.6903901,0.7197371,0.7562554,0.7945907,0.8268123,0.8406107,0.8354887,0.8157616,0.7964503,0.7832109,0.7735121,0.7692463,0.7659715,0.7469119,0.7184412,0.6903819,0.6655791,0.6457772,0.6294474,0.6057258,0.5807104,0.5645639,0.552597,0.5368965,0.5235846,0.5131264,0.5092117,0.5069781,0.5112311,0.5247809,0.5422418,0.5653035,0.5965458,0.6358395,0.6778964,0.7365164,0.8222462,0.8537021,0.7774197,0.7401249,0.7476822,0.7590668,0.7774288,0.7969457,0.8167171,0.8400297,0.9021664,0.9691172,0.9145249,0.8140106,0.7772639,0.7473894,0.7251863,0.703916,0.6780202,0.6531479,0.6493749,0.6597168,0.6908761,0.7374246,0.832137,0.8678586,0.8822042,0.8751982,0.8624205,0.8395784,0.8220481,0.789125,0.7693753,0.7551928,0.7449205,0.7187859,0.68737,0.6639007,0.6621139,0.6395551,0.5680624,0.4772354,0.4135018,0.3669899,0.3391805,0.3210382,0.3036119,0.2916121,0.2814618,0.2698192,0.2641827,0.2584211,0.2558669,0.2522812,0.2504784,0.2500364,0.2500657,0.2493752,0.2500072,0.2523584,0.2578642,0.2644264,0.2697487,0.2761135,0.2927812,0.3172234,0.3379351,0.358453,0.3837174,0.4506436,0.5725205,0.6882861,0.7813256,0.7754206,0.6257856,0.4858362,0.37549,0.3084246,0.2682252
S9,DOC,fluo,0.1440372,0.142248,0.1537766,0.1759643,0.195979,0.2000347,0.1998547,0.2076565,0.2199547,0.2423505,0.2692792,0.2866339,0.2962513,0.2869523,0.2642823,0.242265,0.2258783,0.2024522,0.1802797,0.1753123,0.1760778,0.1801005,0.1905283,0.1978662,0.2013934,0.195507,0.1864286,0.1798025,0.1652652,0.1495578,0.1411927,0.1365252,0.1387552,0.1376985,0.1353026,0.1323175,0.1291445,0.1322319,0.1424289,0.1594952,0.1867637,0.2151128,0.2384203,0.2411797,0.2249051,0.210431,0.1967654,0.1892889,0.2062398,0.2759777,0.4674464,0.7365152,0.6862781,0.4371739,0.2667283,0.1837784,0.1511763,0.1428571,0.1422521,0.1447658,0.1584211,0.1802252,0.2052717,0.2357351,0.2699365,0.3123913,0.3559761,0.3728119,0.3521866,0.2999382,0.2416801,0.1950926,0.1644624,0.1488812,0.1434228,0.1429151,0.1431896,0.148705,0.1733473,0.2253781,0.2929475,0.3252541,0.2814124,0.218849,0.1926544,0.1936362,0.2012533,0.2088111,0.2105623,0.2046684,0.190114,0.175559,0.1676421,0.1631605,0.1587584,0.1538615,0.1535954,0.1580691,0.1619762,0.1653733,0.169632,0.1721848,0.1746709,0.179885,0.1900569,0.1998275,0.1969602,0.1849161,0.176117,0.1671963,0.1601057,0.1587559,0.1581109,0.1586513,0.1640493,0.1720134,0.1802091,0.1858079,0.1941466,0.2051532,0.2162686,0.2236795,0.2310654,0.2424302,0.255435,0.2678989,0.2861808,0.3105179,0.3351875,0.3640588,0.4030972,0.4486118,0.4999091,0.5537514,0.6008126,0.6277321,0.6429884,0.6452132,0.6324561,0.6178839,0.6124646,0.6090766,0.59284,0.5602345,0.5302311,0.5152493,0.5017987,0.4732264,0.4385431,0.4080797,0.3905075,0.3928062,0.4074858,0.4103887,0.3913198,0.3679098,0.3597864,0.3644274,0.3745001,0.3840174,0.3918785,0.3930734,0.3942456,0.3996541,0.4023347,0.4127744,0.4584846,0.5527006,0.6924796,0.8331298,0.9126527,0.8978978,0.7992295,0.6674923,0.553656,0.4802065,0.4475051,0.4320322,0.4162501,0.4022196,0.3961038,0.3902528,0.3823209,0.3702432,0.3546996,0.3352788,0.315028,0.2983921,0.2901623,0.2879413,0.2852865,0.2813384,0.2784358,0.2760715,0.2775475,0.2823903,0.2878782,0.2912079,0.2951142,0.302392,0.3161563,0.3341559,0.3524658,0.3721114,0.3914076,0.4018278,0.411037,0.4313377,0.4605274,0.4846828,0.5076091,0.5380583,0.5764956,0.6113316,0.6409603,0.6565426,0.653928,0.6348698,0.6136585,0.598054,0.5912693,0.5914327,0.5876828,0.5707185,0.5438405,0.5162034,0.4957063,0.4799886,0.4630786,0.4412871,0.4202375,0.4071504,0.3966172,0.3806112,0.3643967,0.3518195,0.3450771,0.3432726,0.3488364,0.3587136,0.376154,0.400041,0.4286391,0.4643975,0.505564,0.5685647,0.659404,0.6931337,0.6093068,0.5660995,0.5720793,0.5809171,0.5925791,0.6091911,0.6275871,0.6505067,0.7213627,0.8038521,0.74332,0.6357896,0.597867,0.5637974,0.5419164,0.5229999,0.5032823,0.4811077,0.4737036,0.4801207,0.5066709,0.5518954,0.6369812,0.6723159,0.6941496,0.6996496,0.6885272,0.6594173,0.6430961,0.6100983,0.5870364,0.5746562,0.5707868,0.5493093,0.5193164,0.4996405,0.5011638,0.4852438,0.4195614,0.3345685,0.2786113,0.2406453,0.2159964,0.1986086,0.1833951,0.1725117,0.1625155,0.1539101,0.1500023,0.1449862,0.1421075,0.1372275,0.136016,0.135595,0.1347343,0.1328902,0.1343438,0.1351682,0.1379267,0.1440774,0.1488734,0.1531259,0.1644982,0.1849353,0.2050762,0.2254243,0.2492843,0.3130054,0.4390386,0.5626563,0.6663288,0.6698765,0.5133079,0.366934,0.2571816,0.1919674,0.1508197
S10,DOC,fluo,0.2513594,0.2500937,0.2653704,0.2822806,0.3010298,0.3222407,0.3303626,0.3350296,0.3486245,0.3779736,0.4009585,0.4159318,0.4270996,0.4204045,0.3943348,0.3641315,0.3350731,0.3032621,0.2802619,0.2706333,0.2685607,0.2702089,0.2832681,0.2998519,0.2989221,0.2854313,0.2689885,0.2467422,0.2393495,0.2311539,0.22094,0.2143331,0.2035871,0.1918179,0.1899604,0.1889444,0.1891244,0.1937447,0.2064249,0.2351643,0.2729316,0.3084083,0.3361786,0.3437232,0.3186326,0.2902506,0.2702233,0.2672819,0.2973573,0.382435,0.5926076,0.875276,0.8088014,0.5423086,0.3546547,0.2561957,0.2128799,0.2004178,0.2031728,0.2146805,0.2334856,0.2587563,0.2904195,0.3279129,0.3722354,0.4250103,0.4811148,0.5036573,0.464354,0.3971743,0.3319296,0.2778226,0.2403181,0.2218971,0.2193472,0.2217083,0.2234046,0.2335046,0.2649978,0.3313257,0.4254275,0.4700978,0.4064484,0.3233671,0.2911916,0.2943555,0.306431,0.3129425,0.3117851,0.3007073,0.2862041,0.2706285,0.2536896,0.2428147,0.2411035,0.2443694,0.2463331,0.2458515,0.2490098,0.2541316,0.2600792,0.2659053,0.2678126,0.2704451,0.2839263,0.2951795,0.2925389,0.2805133,0.2656477,0.2518898,0.2466711,0.2426951,0.2393771,0.2419157,0.2485971,0.2581379,0.2674757,0.2762369,0.2864339,0.2979892,0.3092288,0.3194185,0.3334979,0.3466882,0.364581,0.3857726,0.4091196,0.4375423,0.4702869,0.5063334,0.549823,0.604066,0.6743726,0.7524111,0.8105575,0.8377947,0.8532122,0.8626223,0.8544964,0.8391796,0.8223765,0.8096098,0.7948533,0.7564038,0.7172868,0.6972082,0.6823543,0.6523979,0.6093395,0.56749,0.5414041,0.5413635,0.5567877,0.5582296,0.5327708,0.5060049,0.49792,0.5033535,0.5164027,0.5323963,0.5451244,0.5497956,0.5522416,0.5574332,0.5567841,0.5645059,0.619063,0.7380217,0.9075107,1.061956,1.129003,1.110217,1.005366,0.8507541,0.7197179,0.6368006,0.5997322,0.5801387,0.5590373,0.5413489,0.533742,0.5302044,0.5230197,0.5057326,0.4811955,0.4574306,0.4347078,0.4136313,0.4014151,0.3983,0.3959091,0.3896292,0.3847564,0.3843322,0.3895873,0.3970821,0.4051567,0.411146,0.4196981,0.4313229,0.4501072,0.4758967,0.503685,0.5314289,0.5573419,0.5695217,0.5793337,0.6035475,0.6417758,0.6736516,0.7044454,0.7453668,0.7964233,0.8420544,0.8775059,0.8896764,0.882737,0.8585978,0.833072,0.8162135,0.8103434,0.8090284,0.8030573,0.7801446,0.7437078,0.7095655,0.6835914,0.6625657,0.6400665,0.6101832,0.583538,0.5685973,0.5552555,0.536293,0.5171497,0.4969596,0.4860976,0.4841591,0.4918795,0.5068591,0.5263422,0.552385,0.5855931,0.6282392,0.6803574,0.7538649,0.854659,0.8930568,0.7991686,0.7502561,0.7597849,0.776049,0.7990432,0.8200487,0.8416896,0.8711985,0.949623,1.036476,0.9733021,0.8530402,0.8066654,0.7603548,0.7348729,0.7100955,0.6829802,0.6582648,0.6533761,0.662872,0.6952461,0.7362151,0.8353947,0.8999735,0.9340152,0.935319,0.922324,0.8807977,0.8581972,0.8212469,0.7974421,0.7767847,0.7694972,0.7431508,0.7078707,0.6792754,0.6747035,0.6473776,0.5659744,0.4600408,0.3883656,0.3373057,0.3040804,0.2827236,0.2650293,0.2512675,0.2381868,0.2256466,0.2210503,0.2160408,0.2123726,0.2062877,0.203439,0.2006501,0.1983356,0.1968721,0.1984685,0.1999023,0.2042875,0.2132966,0.2206545,0.2262981,0.2421801,0.2677317,0.289763,0.3129177,0.3408699,0.4162948,0.5637522,0.7065939,0.8246754,0.8266923,0.6462643,0.4760175,0.3455899,0.2675999,0.2182441
S11,DUP,fluo,0.4514676,0.4455171,0.4508874,0.4796359,0.50752,0.5134897,0.5059519,0.5095761,0.5245081,0.5602553,0.608831,0.639708,0.6640629,0.6648833,0.6265077,0.5817765,0.548209,0.5139876,0.4803562,0.4580297,0.4596483,0.4778383,0.509871,0.5498737,0.5675342,0.5404254,0.4959669,0.4607539,0.4325612,0.4124978,0.3958299,0.3788656,0.3703034,0.3647271,0.3588817,0.352704,0.3473455,0.3533454,0.380495,0.4237003,0.4972546,0.5765776,0.621761,0.6252834,0.5898367,0.5347455,0.4825129,0.4582177,0.4663778,0.4726861,0.4494583,0.4175556,0.4093567,0.4279601,0.4307343,0.3912133,0.3543214,0.3445512,0.3471147,0.3675326,0.4146874,0.4712883,0.5227526,0.5911361,0.6658484,0.6758983,0.6378111,0.5979004,0.5493088,0.4899273,0.4325652,0.3883467,0.3621504,0.3567707,0.3712101,0.3920219,0.4125144,0.4418037,0.5068572,0.6441511,0.842021,0.9556463,0.8383449,0.679546,0.6128408,0.6154186,0.6346965,0.6531267,0.6725036,0.6748801,0.6478485,0.6072759,0.5777618,0.5641844,0.5553828,0.5470697,0.5407599,0.5404357,0.544583,0.5325183,0.5039488,0.4888555,0.4915594,0.5009083,0.5081146,0.5085548,0.5105929,0.5140555,0.5204569,0.5360199,0.5561887,0.5826927,0.614628,0.6538408,0.7187426,0.7856846,0.8092438,0.8013815,0.7996504,0.8284598,0.8882684,0.9226964,0.9040183,0.8567748,0.8201127,0.802848,0.8132138,0.8611513,0.9244164,0.9768876,1.014388,1.051003,1.116023,1.213012,1.315134,1.337927,1.27846,1.232946,1.18546,1.13417,1.122323,1.126308,1.146975,1.195799,1.294183,1.392971,1.424652,1.365731,1.255965,1.13138,1.04596,1.026011,1.063474,1.096284,1.082924,1.044695,1.032841,1.072784,1.172468,1.317113,1.477594,1.593341,1.688448,1.802464,1.89649,1.959155,2.013975,2.035643,2.129895,2.134413,2.09422,2.073286,2.071932,2.041571,2.052792,2.038462,2.003198,1.992717,1.896847,1.756299,1.665811,1.537171,1.367767,1.212611,1.110792,1.058811,1.06313,1.110363,1.202911,1.333432,1.486694,1.631632,1.678472,1.585587,1.465137,1.377689,1.357894,1.396587,1.469686,1.536475,1.566056,1.509172,1.420282,1.351556,1.324798,1.30199,1.302042,1.342622,1.410544,1.453511,1.490188,1.533617,1.595226,1.66327,1.726222,1.751082,1.739166,1.682801,1.633318,1.597104,1.597878,1.605791,1.596882,1.556347,1.516376,1.467614,1.42984,1.424085,1.441364,1.433384,1.403911,1.345013,1.297603,1.26493,1.227621,1.157956,1.100616,1.079109,1.091398,1.114522,1.158049,1.22889,1.314972,1.4033,1.515377,1.625345,1.728222,1.775089,1.852747,1.83279,1.869675,1.900326,1.94764,1.989477,2.050984,1.99276,1.931588,1.843535,1.750272,1.609053,1.556018,1.47794,1.480666,1.444797,1.395975,1.316334,1.303802,1.331075,1.422498,1.536526,1.812376,1.858889,1.900447,1.820052,1.825072,1.800067,1.770018,1.643201,1.592322,1.540097,1.496527,1.437487,1.386154,1.314066,1.249457,1.143276,1.015125,0.8790122,0.7757534,0.6920805,0.6397738,0.602162,0.566106,0.5410659,0.5168437,0.490741,0.4808979,0.465195,0.4513439,0.4420773,0.4376578,0.4342566,0.4338351,0.4361328,0.4511371,0.471936,0.4925806,0.526786,0.5529184,0.5750488,0.6242378,0.7327511,0.8654614,1.058085,1.266546,1.596698,2.075902,2.466766,2.329616,2.338506,2.102745,1.667355,1.201807,0.8504636,0.6030681
S12,DUP,fluo,0.5123461,0.5067825,0.5222184,0.5482247,0.5542407,0.551847,0.5547423,0.5723315,0.5953392,0.6300058,0.6749611,0.7153036,0.7395759,0.7457834,0.7104115,0.6589872,0.613589,0.5714328,0.5372661,0.5198191,0.5144806,0.5239092,0.5579297,0.5985726,0.613805,0.6002554,0.5690376,0.5267319,0.490414,0.4611678,0.4370417,0.4209433,0.4101181,0.3947845,0.386837,0.3843282,0.382787,0.3899161,0.4153765,0.464505,0.5400064,0.6286781,0.6951896,0.696786,0.6323454,0.5798782,0.5393051,0.5207075,0.5315278,0.5353599,0.5048165,0.4664588,0.4542543,0.4672781,0.4731336,0.4378611,0.3954127,0.3791567,0.3794161,0.3965607,0.4442074,0.5122902,0.5763813,0.6473581,0.7107969,0.7156721,0.685859,0.6455493,0.5902448,0.526463,0.4601507,0.4069342,0.3783679,0.373757,0.388496,0.4121376,0.4340214,0.4682207,0.5426114,0.6902241,0.9083315,1.026739,0.9051016,0.7384104,0.6633615,0.6664456,0.6933614,0.7177973,0.7370052,0.7309695,0.6962355,0.6511263,0.6134268,0.5933102,0.5827247,0.5713267,0.5673358,0.5712381,0.5738262,0.5570067,0.5269341,0.5064639,0.5068604,0.5195628,0.5250572,0.5241684,0.5265096,0.5324356,0.538902,0.5511839,0.5740551,0.6047428,0.6370609,0.6824526,0.7504385,0.8175846,0.8446153,0.832979,0.8357018,0.8785536,0.9371572,0.9606307,0.9297785,0.8802841,0.846809,0.8324483,0.8441508,0.8984053,0.9773594,1.048236,1.092529,1.113822,1.172184,1.271719,1.367516,1.388823,1.3253,1.257409,1.238113,1.219637,1.192474,1.18307,1.21291,1.259276,1.321339,1.423169,1.495856,1.435593,1.331909,1.211227,1.112657,1.093233,1.142731,1.172188,1.121875,1.065704,1.067779,1.116507,1.214409,1.346867,1.473124,1.584785,1.678622,1.731788,1.819683,1.894118,1.924965,1.941566,1.947031,1.942397,1.943457,1.88959,1.900136,1.933243,1.910811,1.853777,1.876197,1.918701,1.909791,1.824567,1.720059,1.596669,1.420313,1.250674,1.145826,1.10284,1.112839,1.166141,1.256108,1.365765,1.509733,1.663496,1.701156,1.589522,1.475586,1.399074,1.385394,1.432313,1.508646,1.561999,1.577135,1.525691,1.465063,1.407861,1.375945,1.36177,1.379102,1.429474,1.4899,1.521291,1.550452,1.593685,1.647348,1.677803,1.739576,1.781556,1.798891,1.781227,1.727238,1.680587,1.694768,1.69728,1.688395,1.658588,1.615749,1.560479,1.528719,1.533669,1.543971,1.513912,1.47001,1.413368,1.369444,1.328752,1.291934,1.230107,1.177441,1.14442,1.140586,1.157306,1.200199,1.276343,1.362621,1.429557,1.537694,1.657982,1.745333,1.771315,1.777288,1.801703,1.945742,2.056869,2.085341,1.98451,2.007414,1.982673,1.970292,1.96771,1.921856,1.742934,1.723526,1.684521,1.591933,1.506653,1.449192,1.384702,1.378838,1.396539,1.489397,1.551356,1.751176,1.813182,1.860755,1.838204,1.904519,1.805204,1.782531,1.719964,1.697638,1.600338,1.572165,1.520747,1.474453,1.396347,1.318711,1.198749,1.065346,0.9117099,0.7960459,0.7008716,0.6353588,0.5881249,0.54462,0.5129889,0.4820813,0.450181,0.4367274,0.4197618,0.4048982,0.3883665,0.3819027,0.3775222,0.3769964,0.3804846,0.3949691,0.4145311,0.4370268,0.4697044,0.4942343,0.5153508,0.5645133,0.6789341,0.8176246,1.021626,1.249978,1.63519,2.047638,2.141008,2.072036,2.168412,2.085068,1.735306,1.244242,0.8562472,0.5795105
S13,DUP,fluo,0.2064409,0.2206132,0.2359337,0.2414465,0.2574543,0.2654277,0.2599,0.2592365,0.2690054,0.2900531,0.3146154,0.3241162,0.3297156,0.3244934,0.3108738,0.2921035,0.2719855,0.2515386,0.2372504,0.2330465,0.2363498,0.2393961,0.2504218,0.262701,0.270877,0.2621454,0.2428122,0.2256786,0.212309,0.199811,0.1876252,0.1765908,0.1716772,0.1683592,0.1672325,0.1659848,0.1684552,0.1700236,0.1829434,0.2061947,0.2396592,0.2770123,0.303849,0.3047777,0.2810908,0.2552361,0.2331466,0.2242548,0.2275176,0.2303843,0.2199954,0.2055905,0.2070764,0.2165083,0.216785,0.2004719,0.1830215,0.1782447,0.1818706,0.1939357,0.2187519,0.2465556,0.2723573,0.3040779,0.3334415,0.3294567,0.3117592,0.2981499,0.2793968,0.252513,0.2264337,0.206109,0.195208,0.1924438,0.1956685,0.2052014,0.2171674,0.2345947,0.2729568,0.3433261,0.437386,0.4857016,0.4351999,0.3550376,0.3187777,0.3201219,0.3334383,0.3435656,0.3495319,0.3521984,0.3400272,0.3202029,0.3056343,0.2980694,0.2931905,0.2884553,0.2874351,0.2868467,0.2872669,0.2809652,0.2711262,0.2619849,0.2599386,0.2658819,0.2735124,0.2763332,0.2757193,0.2771397,0.2823196,0.2893817,0.3013637,0.3145577,0.3275329,0.3456622,0.3805795,0.4149198,0.4234006,0.4168877,0.4214006,0.4414622,0.4688972,0.4808236,0.4686113,0.4502859,0.4371395,0.4321695,0.4433789,0.4714791,0.5031939,0.5274936,0.5459831,0.5640061,0.5950431,0.6469979,0.6947459,0.6979165,0.6738485,0.6493644,0.629123,0.6131148,0.6085497,0.6069863,0.6116794,0.6331016,0.6742573,0.7226009,0.750678,0.7270411,0.6642358,0.5988891,0.5618606,0.5609032,0.5866187,0.6056454,0.5896919,0.5604758,0.560082,0.5902766,0.6437602,0.7160056,0.787624,0.8454889,0.9029242,0.963287,1.03576,1.118743,1.215338,1.307266,1.402807,1.454114,1.450373,1.404385,1.344224,1.275878,1.214522,1.173395,1.135491,1.071496,1.000373,0.9342324,0.8688443,0.7881445,0.6989433,0.6251559,0.5786756,0.5584405,0.5647037,0.5924243,0.6398555,0.6992159,0.7662496,0.8281288,0.8474257,0.8050195,0.7452655,0.7040026,0.6999995,0.7257946,0.7649204,0.7994316,0.8108359,0.7844153,0.7441496,0.7171578,0.7083557,0.705099,0.7106373,0.7339679,0.7697982,0.7944771,0.8149558,0.8461444,0.8833344,0.9163977,0.9426982,0.9521675,0.9464128,0.9271539,0.9053165,0.8917972,0.8907868,0.8926772,0.883172,0.8595158,0.8302987,0.8027511,0.7862601,0.7881024,0.7915656,0.7774721,0.7544555,0.733154,0.7122824,0.6981751,0.6789814,0.6485445,0.6252992,0.6140558,0.6153314,0.6298608,0.6577204,0.6971874,0.7406473,0.7842185,0.8339492,0.8910783,0.9353044,0.9493393,0.9839415,1.014284,1.054292,1.085464,1.12362,1.144601,1.149843,1.145335,1.104076,1.030911,0.9788141,0.9190904,0.8953471,0.8507115,0.8156263,0.7900699,0.7576284,0.7320472,0.7338256,0.753967,0.8034879,0.8564447,0.9752991,1.024909,1.05144,1.046179,1.02785,0.9973694,0.9769816,0.9271242,0.8954586,0.8594257,0.8385787,0.8121192,0.7776014,0.7364666,0.6991875,0.6460832,0.5815651,0.5109841,0.458999,0.4175126,0.3893449,0.3722398,0.3565622,0.3438658,0.3336084,0.3211259,0.3140743,0.307099,0.3044314,0.3012977,0.2991884,0.2975134,0.2975167,0.2999481,0.3093814,0.319461,0.3295648,0.3458787,0.3616894,0.3730298,0.3975852,0.4530621,0.5255386,0.627342,0.7456958,0.9921489,1.350346,1.497266,1.525942,1.496447,1.242856,0.9499025,0.6722257,0.4834648,0.3573529
S14,DUP,fluo,0.3236499,0.3388667,0.3497647,0.364392,0.3811402,0.3854213,0.3780914,0.3757958,0.3956355,0.4233609,0.4555189,0.482481,0.4952184,0.4929091,0.4753531,0.4485739,0.4132896,0.3779205,0.3591595,0.3562857,0.3596993,0.3682491,0.3938521,0.4167256,0.4202467,0.4048529,0.3849763,0.3538919,0.3295172,0.3209733,0.3155289,0.3037024,0.2939912,0.2858736,0.2825783,0.2809518,0.2837238,0.2927641,0.3144621,0.350026,0.3986641,0.4441381,0.4811448,0.4945158,0.4611951,0.4150819,0.379979,0.3688385,0.3780735,0.3821171,0.3641622,0.3423252,0.3380876,0.3498396,0.3578009,0.3376572,0.3135189,0.3043299,0.3048396,0.317081,0.3484774,0.3895323,0.4278975,0.4689386,0.5077273,0.5099404,0.4892635,0.46323,0.4331058,0.3955319,0.3580758,0.3260075,0.3076863,0.3073386,0.3208875,0.3377252,0.3557714,0.3790652,0.4282387,0.5294862,0.6709682,0.7345086,0.6466827,0.5409753,0.4992045,0.499304,0.5141764,0.5321558,0.5434159,0.538512,0.5170525,0.4897199,0.4730811,0.4619557,0.4556372,0.4536327,0.452261,0.4525672,0.4570074,0.4516025,0.4359373,0.4273188,0.4266506,0.4308141,0.437977,0.4408236,0.4433697,0.448231,0.4550966,0.4654501,0.481163,0.4988885,0.5185245,0.5483641,0.5950572,0.6408187,0.6559903,0.6481214,0.6541011,0.6835111,0.7200048,0.7337129,0.7177939,0.6884738,0.6703048,0.6653918,0.6756535,0.7112707,0.765918,0.814262,0.8398638,0.8677636,0.9210165,1.00322,1.085959,1.089962,1.02796,0.9771886,0.9466613,0.9228469,0.9166912,0.915428,0.9227508,0.9478347,0.9996855,1.079571,1.123692,1.074689,0.9792286,0.8900393,0.8339126,0.8288099,0.8715044,0.8952457,0.867817,0.8341908,0.8343072,0.8698234,0.9410337,1.045025,1.156578,1.232538,1.29282,1.380997,1.488265,1.629425,1.820596,1.908724,1.997198,2.087656,2.005595,1.905139,1.812634,1.735871,1.69644,1.656478,1.634887,1.56709,1.450899,1.328489,1.236401,1.133646,1.010196,0.9065965,0.8437899,0.8176817,0.8261492,0.8650682,0.9308152,1.01388,1.111151,1.20351,1.240403,1.171185,1.072236,1.015772,1.011037,1.046374,1.099485,1.147153,1.170432,1.134019,1.079572,1.041429,1.030213,1.02266,1.030634,1.06937,1.12002,1.153953,1.182689,1.22344,1.278268,1.31337,1.336107,1.345582,1.346099,1.319821,1.276849,1.254191,1.25407,1.252269,1.249739,1.230715,1.193631,1.150114,1.125767,1.129825,1.136457,1.116747,1.086776,1.054335,1.018477,0.9930201,0.9697383,0.9269344,0.8941245,0.8819525,0.8860753,0.9074192,0.947896,1.000674,1.059386,1.116101,1.184505,1.262127,1.330222,1.355589,1.401134,1.443791,1.512976,1.546766,1.577505,1.587908,1.579929,1.56496,1.535714,1.466382,1.39813,1.314092,1.287047,1.214479,1.159046,1.119348,1.098031,1.062829,1.049886,1.062639,1.123478,1.191698,1.336053,1.417663,1.471246,1.473158,1.460371,1.384569,1.365425,1.311312,1.269415,1.21628,1.184262,1.139456,1.091579,1.038201,0.9916837,0.9158987,0.8243504,0.7302976,0.65896,0.602289,0.5628737,0.5367871,0.5129625,0.4949789,0.4794321,0.4632635,0.4563912,0.4469898,0.4420996,0.4381218,0.4349917,0.4312602,0.4284175,0.4313645,0.4456968,0.461171,0.4759786,0.4985614,0.5158345,0.5299072,0.5659205,0.6449538,0.7409685,0.8806018,1.039997,1.35109,1.744292,1.882831,1.95593,1.941809,1.601752,1.269071,0.9280498,0.6816444,0.5161117
S15,DUP,fluo,0.3164621,0.3219976,0.3521506,0.373152,0.3825762,0.3865027,0.3862017,0.3922444,0.4060217,0.4280176,0.4598417,0.4882479,0.5092964,0.5102349,0.4890574,0.4614061,0.4288692,0.3919165,0.3661413,0.3568852,0.355065,0.3662029,0.3935982,0.4130946,0.4145386,0.4073941,0.383323,0.345933,0.327137,0.317604,0.3033924,0.2844399,0.273599,0.2667693,0.2618907,0.2594981,0.2618666,0.2675513,0.2831801,0.320809,0.3773197,0.4353439,0.4720013,0.4787769,0.449497,0.4046808,0.3676416,0.3564181,0.365528,0.3684759,0.3494922,0.3242979,0.3199105,0.3350791,0.3384791,0.3147147,0.288763,0.279216,0.2841664,0.2976856,0.3293315,0.3715012,0.4096545,0.4563681,0.5024406,0.5061045,0.4849133,0.4564426,0.4207959,0.3781415,0.3342347,0.3003887,0.2807411,0.2765003,0.2874984,0.3020986,0.3156343,0.3386512,0.3948555,0.5032234,0.6499322,0.7325791,0.6448894,0.5222647,0.4740299,0.4735765,0.4908618,0.5097574,0.5202686,0.5136764,0.4875557,0.4592674,0.4437934,0.4335056,0.4317125,0.429708,0.4253992,0.4255007,0.4298305,0.4232777,0.4042807,0.3904204,0.3890772,0.3927336,0.3979811,0.3993253,0.4036828,0.4099674,0.4162509,0.4253226,0.4382016,0.4523616,0.4723643,0.505689,0.5563315,0.603987,0.6210557,0.6136895,0.615226,0.6458557,0.6883071,0.7033096,0.6850699,0.6532128,0.6247659,0.610252,0.6212537,0.6577863,0.7125924,0.7613783,0.7908232,0.8218462,0.871882,0.946136,1.022499,1.041652,1.002457,0.9579522,0.9200267,0.8896893,0.8752251,0.8716013,0.8898283,0.9296648,0.9957377,1.070471,1.108642,1.064051,0.9583361,0.8585322,0.794173,0.7840682,0.8241614,0.8474787,0.8216724,0.7858926,0.7892277,0.8302857,0.8973947,0.9974216,1.114864,1.209821,1.299738,1.388125,1.475965,1.596318,1.752957,1.843669,1.93793,2.045446,2.036646,1.993377,1.981432,1.89274,1.777933,1.699592,1.646681,1.585963,1.495532,1.39738,1.301014,1.168839,1.020348,0.9031448,0.834838,0.8035164,0.8088359,0.8429804,0.9072925,0.9946606,1.103554,1.218853,1.266694,1.192685,1.088485,1.025685,1.023412,1.055838,1.103284,1.163389,1.199095,1.155231,1.082212,1.035918,1.018733,1.004952,1.013796,1.049484,1.106997,1.147635,1.168203,1.206342,1.280735,1.345963,1.38253,1.389071,1.378673,1.349402,1.312773,1.280309,1.269623,1.266075,1.26262,1.238214,1.193398,1.14487,1.118284,1.125725,1.133981,1.117371,1.083051,1.039873,1.001368,0.9703856,0.9456997,0.9012251,0.859245,0.8367721,0.8387232,0.8589851,0.8971289,0.9521332,1.018903,1.100289,1.187143,1.265831,1.323937,1.350464,1.426473,1.451932,1.506071,1.554076,1.583173,1.601501,1.665132,1.67657,1.604749,1.483886,1.387703,1.287429,1.257553,1.179621,1.140597,1.111548,1.070149,1.030038,1.028895,1.048667,1.109939,1.188777,1.381774,1.416079,1.457248,1.46876,1.465376,1.386958,1.369517,1.321845,1.280186,1.207948,1.180658,1.145813,1.094832,1.026505,0.9668881,0.8822829,0.7855881,0.678586,0.5952207,0.5300729,0.486012,0.4558992,0.4278486,0.4076627,0.3898544,0.3708325,0.3629237,0.3514654,0.3431382,0.3350098,0.3309956,0.327171,0.3268756,0.3311947,0.3425519,0.3568413,0.3727233,0.3951723,0.4134726,0.4293135,0.4634106,0.5438226,0.6473082,0.7952082,0.9750761,1.328084,1.774137,1.943639,1.936471,1.882753,1.646732,1.308692,0.9225529,0.6420727,0.4507177
S16,DUP,opaque,0.1858203,0.2725306,0.3494729,0.2915691,0.2146787,0.1918622,0.1914765,0.1946588,0.1964264,0.1903632,0.1889179,0.1891972,0.1902428,0.1923991,0.1890427,0.1829741,0.1776956,0.1815131,0.1925929,0.1929189,0.20516,0.2661496,0.3642917,0.3422683,0.2483766,0.2078125,0.1967431,0.196992,0.2025144,0.2177425,0.2503979,0.2883829,0.3610403,0.4936544,0.4801606,0.3404243,0.2695939,0.2550451,0.2553989,0.2584769,0.2754404,0.3026745,0.2990339,0.2831996,0.28041,0.2870533,0.3021805,0.3214011,0.3449587,0.3742101,0.4180748,0.476914,0.5279468,0.5452748,0.5686058,0.6078181,0.5490447,0.4238964,0.3544266,0.3299373,0.327109,0.3415669,0.3753819,0.4086461,0.4252802,0.471103,0.5247015,0.4438067,0.3145542,0.2488096,0.2193951,0.1932952,0.1750712,0.1681645,0.1775636,0.2003306,0.1998148,0.178164,0.1658903,0.1733127,0.2159346,0.296205,0.38866,0.455364,0.5161312,0.6152921,0.7537844,0.8187214,0.7934409,0.771057,0.7511933,0.7072462,0.6344342,0.5517704,0.4725282,0.411566,0.3653345,0.3073764,0.2488073,0.2114418,0.1942258,0.1916031,0.1952018,0.204591,0.2302356,0.2628512,0.2581754,0.2336711,0.2246474,0.2227069,0.2211999,0.2333288,0.2602111,0.2950461,0.327836,0.3545561,0.3959258,0.4610389,0.4771045,0.4243222,0.4153559,0.4532839,0.4479104,0.422176,0.4245626,0.4495465,0.4828123,0.5091714,0.527946,0.547691,0.5647566,0.5696279,0.5591507,0.5569568,0.61649,0.734266,0.737731,0.6525781,0.6212589,0.6400353,0.6699306,0.678466,0.7012628,0.7754115,0.8837729,0.9899166,1.064459,1.112542,1.110253,1.069145,1.036061,1.014909,0.9480631,0.8418397,0.7474697,0.6743019,0.6235506,0.6181507,0.6563017,0.7100329,0.7610779,0.7991994,0.8236061,0.8028155,0.7600144,0.7551146,0.7966283,0.8922489,0.9710371,0.872577,0.7556555,0.72048,0.6965672,0.6307397,0.5706379,0.5513545,0.5644455,0.6070197,0.6797954,0.7552111,0.7837573,0.8295336,0.9158432,1.026699,1.068253,0.9049375,0.7706367,0.7415202,0.7612172,0.7678246,0.7682042,0.8373981,1.001547,1.24646,1.523906,1.778054,1.888194,1.873168,1.838666,1.822273,1.840226,1.897732,1.84272,1.700765,1.477178,1.235084,1.050355,0.9679224,0.9781706,1.07228,1.194261,1.195128,1.058232,0.917452,0.7899868,0.6583952,0.5544724,0.4980735,0.4806957,0.4906896,0.5246409,0.5912206,0.6814882,0.7770613,0.8263711,0.8253726,0.7741939,0.680455,0.610785,0.5550301,0.5091024,0.4835114,0.439897,0.3976722,0.3833866,0.3818097,0.3795395,0.3783276,0.3851449,0.4061715,0.4339861,0.4732738,0.5189467,0.5807112,0.6375123,0.7109305,0.8123565,0.8760597,0.7769706,0.7060938,0.7227434,0.7844296,0.8991169,1.099573,1.343072,1.620945,1.736241,1.77023,1.815349,1.752919,1.489468,1.004002,0.8041335,0.678,0.5028872,0.3596073,0.2941418,0.2639728,0.2430301,0.2370416,0.2549758,0.2871487,0.3340308,0.4053231,0.5813344,0.8368737,0.8961668,0.7855809,0.7046112,0.7032086,0.5825953,0.4647736,0.4272214,0.4588418,0.5394815,0.5772498,0.5611339,0.6103827,0.7337622,0.8933603,1.024223,1.021452,1.002015,1.033137,1.16935,1.423163,1.562601,1.698016,1.860304,1.996304,2.024048,1.837012,1.661236,1.473277,1.323877,1.27658,1.359408,1.686378,1.975179,2.038183,2.041849,1.883478,1.602465,1.360775,1.250413,1.199754,1.233619,1.269546,1.281474,1.240619,1.153101,1.026522,0.8577614,0.6619079,0.4528303
S17,DUP,opaque,0.1286746,0.1957462,0.2570682,0.2161003,0.143476,0.1105347,0.1059778,0.1138475,0.1146073,0.1064534,0.1046827,0.1118505,0.1185874,0.1130078,0.1045767,0.1046671,0.1105821,0.1179156,0.1255559,0.1259993,0.1347991,0.1850995,0.2651836,0.2401285,0.1616327,0.130443,0.1234647,0.1283868,0.1423948,0.1591103,0.1766317,0.2022486,0.2593171,0.3515222,0.3389793,0.2380482,0.1875975,0.1801467,0.1860903,0.1875598,0.1949988,0.2140558,0.2123499,0.2000516,0.2014617,0.2111754,0.2195555,0.2297296,0.247167,0.2663905,0.2949838,0.3378051,0.3776729,0.3906237,0.4125147,0.4483212,0.4047289,0.306117,0.2503398,0.2323111,0.2324986,0.2453712,0.2695002,0.29161,0.3083891,0.3429897,0.3780661,0.3257852,0.2337287,0.1847824,0.1621455,0.1445457,0.1337819,0.1277771,0.1326065,0.1498314,0.1469607,0.1272912,0.1195687,0.1241998,0.148195,0.199391,0.2647139,0.3136809,0.3540837,0.4213201,0.5250346,0.5843046,0.5681363,0.5507398,0.5262671,0.4926075,0.4511606,0.3975959,0.3397028,0.2901246,0.2542103,0.2122446,0.167417,0.1389419,0.126813,0.1235936,0.1230494,0.1269632,0.1446159,0.1661128,0.1636208,0.1458754,0.1350967,0.1274166,0.1219444,0.1249892,0.1394984,0.162525,0.186371,0.2106221,0.2473315,0.2966729,0.3058566,0.2659691,0.2584174,0.2870753,0.2860765,0.2662003,0.2666612,0.2860459,0.3123108,0.3344895,0.3497579,0.3632903,0.3740516,0.3776549,0.3685128,0.3643599,0.409745,0.5003625,0.5081332,0.4435095,0.4187199,0.4367262,0.4632406,0.4704117,0.4837175,0.5362751,0.6198089,0.7044536,0.768428,0.8069054,0.8066158,0.7790703,0.7497627,0.7201053,0.6608986,0.5857203,0.5182123,0.4632348,0.4289225,0.4265325,0.453301,0.4922823,0.531139,0.5665199,0.5846094,0.5696698,0.538774,0.5334011,0.5625372,0.6400271,0.706808,0.632013,0.5399091,0.5118744,0.4923792,0.4452471,0.3999232,0.383004,0.3931118,0.4269341,0.4799743,0.5332841,0.5558405,0.5938715,0.6605778,0.7474145,0.7853851,0.6589704,0.5462598,0.518507,0.5288004,0.5262216,0.5207432,0.5681335,0.6953745,0.9105033,1.187604,1.457234,1.601876,1.614685,1.55608,1.490749,1.484131,1.579726,1.580081,1.397019,1.14813,0.92882,0.7775058,0.7071664,0.7131848,0.7960923,0.8936735,0.8862203,0.7783839,0.6739528,0.5770487,0.4755932,0.395227,0.3486087,0.3284191,0.3303381,0.3514679,0.3991163,0.4665242,0.5359287,0.5697986,0.5701055,0.5337143,0.465369,0.4135531,0.3708747,0.3337162,0.3123412,0.278294,0.2441841,0.2321132,0.2292137,0.225938,0.2265865,0.2329701,0.247737,0.2693333,0.3011118,0.3364996,0.3834686,0.4270018,0.4850811,0.5640416,0.6136773,0.5334508,0.4806089,0.5015864,0.5544825,0.6461681,0.8125132,1.033807,1.311504,1.441551,1.479335,1.576519,1.515131,1.249582,0.7752418,0.5862542,0.48334,0.3478516,0.2369875,0.1856294,0.1645005,0.1527737,0.1520096,0.169706,0.1932885,0.2260108,0.2790458,0.4150886,0.5997807,0.6487592,0.5689936,0.5017229,0.5013946,0.4132526,0.3228682,0.2916218,0.3107541,0.3668933,0.3952442,0.3820744,0.4132712,0.4990018,0.619978,0.722595,0.7179495,0.6979782,0.7163148,0.8202224,1.033765,1.177164,1.360945,1.590651,1.762102,1.738531,1.504712,1.311306,1.132505,0.9880627,0.9450465,1.032266,1.452744,1.949811,2.096733,1.927312,1.539074,1.224937,1.010522,0.9185965,0.8808894,0.8972682,0.9238405,0.9399964,0.9086465,0.8230197,0.7261457,0.6059554,0.4679371,0.3161182
S18,DUP,opaque,0.1452508,0.2192615,0.2825274,0.228687,0.151618,0.1253386,0.1326154,0.1401879,0.1388515,0.1355607,0.1445022,0.1562943,0.160434,0.1599716,0.1559501,0.1493191,0.1511732,0.1681881,0.1818489,0.1764702,0.1834456,0.239906,0.3299156,0.3061225,0.2206161,0.187929,0.1865628,0.1935264,0.2015538,0.2170106,0.2395478,0.2683113,0.3314655,0.44644,0.4249495,0.2995467,0.240163,0.2295418,0.2330402,0.237675,0.2538252,0.2763172,0.2657649,0.2423476,0.2413927,0.2498778,0.2593001,0.2691711,0.279636,0.2988004,0.33175,0.3795995,0.4274943,0.4494691,0.4802963,0.5230913,0.4696488,0.3538199,0.2866789,0.2608553,0.2544839,0.2654351,0.2941406,0.3174917,0.3302712,0.3634932,0.4030414,0.3498402,0.2484712,0.1886282,0.1572259,0.1333541,0.1164078,0.1057935,0.1090253,0.1275012,0.1275081,0.1072225,0.09700864,0.1048065,0.1410184,0.2109153,0.2950891,0.3555447,0.4043991,0.48309,0.6026127,0.6697994,0.6532494,0.6313581,0.6030343,0.5617262,0.50814,0.4418201,0.3747292,0.3187183,0.2759312,0.224101,0.1727824,0.1457368,0.1387301,0.1403922,0.147506,0.1607427,0.1842701,0.2103327,0.2081669,0.1893748,0.1807993,0.1777715,0.1779868,0.1854158,0.2000213,0.2247447,0.2527827,0.2801978,0.3228454,0.379652,0.3880293,0.3434,0.3362553,0.366864,0.3629443,0.3405366,0.3381891,0.3563248,0.3827002,0.406205,0.4255317,0.4411512,0.4519863,0.4506386,0.4369915,0.4343826,0.4880662,0.5938168,0.6045327,0.5296763,0.496625,0.5110633,0.5330241,0.5411378,0.5589903,0.6186088,0.7127652,0.8090903,0.8818957,0.9262569,0.9346952,0.9063398,0.868634,0.8356242,0.7685546,0.6839395,0.6057466,0.5375302,0.492247,0.48477,0.5096192,0.5544913,0.6072729,0.6524041,0.6720088,0.6507937,0.6149971,0.6115357,0.6491463,0.7389736,0.8140783,0.7284274,0.621605,0.585814,0.5616041,0.5015577,0.446454,0.4288387,0.4418863,0.4866759,0.5568402,0.6274678,0.6566094,0.7028502,0.7822371,0.8818881,0.9219639,0.7682007,0.6399018,0.6102957,0.6250657,0.6240075,0.6205432,0.6807474,0.8276643,1.06972,1.383648,1.667764,1.798115,1.807664,1.752548,1.695853,1.682961,1.760447,1.741117,1.573532,1.312056,1.064494,0.8936844,0.8151628,0.824811,0.9304646,1.058565,1.047956,0.9176522,0.7907471,0.6721461,0.5509747,0.4565392,0.4051336,0.3882259,0.3959522,0.4261442,0.4860862,0.5645609,0.6438691,0.683543,0.682965,0.6397229,0.5568527,0.4970493,0.4509247,0.4123163,0.3896028,0.3517266,0.3144836,0.3008214,0.2980444,0.2947088,0.2932424,0.2959246,0.3100237,0.3320338,0.3635135,0.4001949,0.4515888,0.5007593,0.5710409,0.6692145,0.7307327,0.6305737,0.5653612,0.588961,0.6515957,0.7681602,0.9841472,1.249316,1.557744,1.704105,1.753868,1.75624,1.645092,1.386,0.8907095,0.6929385,0.5795161,0.42528,0.2972627,0.23407,0.2037545,0.1825158,0.1726239,0.1813805,0.2086902,0.2503777,0.3169296,0.4813026,0.711013,0.7637585,0.6568289,0.5803692,0.5804319,0.471784,0.3623793,0.325202,0.3517653,0.4221994,0.4557959,0.4435049,0.488553,0.5961608,0.7385395,0.8503693,0.8408196,0.8189873,0.8396124,0.9568358,1.196259,1.351489,1.540389,1.796922,2.007958,1.961585,1.708528,1.523574,1.319337,1.150068,1.117393,1.226823,1.637289,1.990108,2.058324,2.034707,1.683823,1.367295,1.131886,1.035277,1.002175,1.026721,1.058606,1.079072,1.044097,0.9500198,0.8399782,0.6970501,0.5319303,0.3504739
S19,DUP,opaque,0.1924663,0.2808711,0.3555834,0.2913434,0.2031143,0.1757281,0.1815102,0.1902067,0.1919151,0.1916061,0.1932145,0.1976571,0.2079319,0.214791,0.2118345,0.2041031,0.2044873,0.2145566,0.2229245,0.217568,0.2254775,0.2846338,0.3810641,0.3536555,0.2611752,0.2249225,0.2200055,0.2228848,0.2296039,0.2459926,0.2725831,0.3083918,0.3810403,0.503889,0.4796518,0.3453192,0.2787336,0.2638224,0.263587,0.2651596,0.2758817,0.3000677,0.2943633,0.2687365,0.2654009,0.2727476,0.2817071,0.2893263,0.3028409,0.3242309,0.3574838,0.4089279,0.4639256,0.4925104,0.5283998,0.5749562,0.5106302,0.3803332,0.3096344,0.2837801,0.2747167,0.2872171,0.3214936,0.3525244,0.3663513,0.4015689,0.4449961,0.388132,0.2757636,0.2100438,0.1774677,0.1515656,0.1362948,0.1300066,0.1393143,0.1640221,0.1681045,0.1490761,0.1422852,0.1532347,0.1937598,0.2685358,0.3547004,0.4142032,0.4657386,0.5556335,0.6836542,0.7497098,0.727963,0.7038574,0.6773446,0.6367561,0.5792093,0.5082965,0.4367727,0.3837325,0.3439547,0.2913873,0.2371781,0.2064933,0.1953993,0.1968061,0.2040873,0.2159431,0.2375441,0.2641388,0.2621952,0.2401482,0.2271615,0.2199588,0.2139518,0.2178317,0.2317798,0.2562799,0.2858031,0.3152449,0.3605743,0.4250019,0.4376471,0.3838807,0.3720669,0.4056154,0.4005994,0.3737991,0.3715276,0.3914189,0.4211851,0.4471287,0.4645807,0.4789267,0.4920285,0.4931586,0.4793651,0.4764535,0.5374361,0.6590927,0.6691172,0.5846442,0.5486109,0.5651516,0.5901479,0.5992645,0.6204655,0.6884123,0.7955257,0.9015999,0.9821041,1.031462,1.033264,1.004208,0.9756965,0.9413325,0.8587974,0.7552683,0.6680406,0.5980775,0.5528637,0.5491641,0.5810653,0.6331592,0.6860819,0.7263955,0.7500464,0.7337629,0.6946946,0.689219,0.7291187,0.8290623,0.9094436,0.8124033,0.6978039,0.6624976,0.6384394,0.576762,0.5196103,0.5025755,0.5186487,0.5633906,0.639057,0.7183231,0.7496194,0.7985701,0.8864422,0.9977981,1.034817,0.8627339,0.7249919,0.6920825,0.7069155,0.70427,0.6967168,0.7598425,0.9273176,1.198872,1.525565,1.826315,1.939578,1.881395,1.865967,1.845166,1.829482,1.8758,1.846583,1.69113,1.420612,1.169524,0.995097,0.9163829,0.9279428,1.038373,1.180377,1.169181,1.019214,0.8869503,0.7622547,0.6272861,0.5254086,0.4704947,0.448909,0.4511173,0.4779129,0.5409172,0.6314272,0.725327,0.7674556,0.7631773,0.7144372,0.6250325,0.5585108,0.5040944,0.4567386,0.4284819,0.3849025,0.3422968,0.328113,0.3239486,0.3196727,0.3193161,0.3251051,0.3441213,0.3718579,0.4112709,0.4556587,0.5140512,0.5702787,0.6492721,0.7618268,0.8315242,0.7234536,0.6535633,0.6809337,0.750262,0.8782948,1.115848,1.397759,1.688698,1.770675,1.845365,1.942154,1.795092,1.476846,0.9585918,0.7499458,0.6253744,0.4614168,0.3277722,0.2650969,0.2398749,0.2276697,0.2281738,0.2483326,0.2791303,0.3275109,0.4042106,0.5780315,0.8173597,0.8712383,0.7458727,0.6575606,0.659149,0.5466098,0.4308043,0.3898125,0.4132985,0.4846061,0.5183521,0.5026802,0.5489094,0.6663775,0.8224152,0.9488787,0.9349138,0.9026163,0.9270616,1.053454,1.303373,1.468356,1.655175,1.905536,1.9787,2.039532,1.897738,1.681682,1.441828,1.294273,1.262873,1.372243,1.806838,2.229503,2.259775,2.078852,1.743081,1.465367,1.250832,1.154465,1.114202,1.141456,1.170657,1.189028,1.165236,1.066024,0.9355456,0.7841405,0.6101086,0.4180647
S20,DUP,opaque,0.1385086,0.1672544,0.1999748,0.177083,0.1343696,0.1216026,0.1260219,0.1295149,0.1255906,0.1173888,0.1154083,0.1183546,0.1161964,0.1085265,0.1062433,0.1075098,0.1110846,0.1190322,0.123976,0.1205114,0.1252732,0.160213,0.2170784,0.2012012,0.1381363,0.1112119,0.1043389,0.1020393,0.1048554,0.1149725,0.1323969,0.1519066,0.1941068,0.272942,0.2695461,0.1843164,0.1389978,0.131818,0.1314834,0.1286645,0.1356232,0.1511264,0.1493585,0.1386724,0.1327449,0.1354193,0.1448129,0.1527291,0.1638102,0.1804796,0.2028706,0.2322081,0.2608897,0.2724585,0.2905502,0.3179204,0.286659,0.2089189,0.1628895,0.1468545,0.1413267,0.1486093,0.1701906,0.1879081,0.1962123,0.2215188,0.2554514,0.2188278,0.1441541,0.1007659,0.08133916,0.06559727,0.05369731,0.0492259,0.05786068,0.07531237,0.07573771,0.06231407,0.05790062,0.06631969,0.09516232,0.1431924,0.1945247,0.2293236,0.262633,0.3187965,0.3985478,0.4352968,0.4217093,0.4076681,0.3880794,0.3635234,0.3298775,0.2851112,0.2400539,0.2057411,0.180889,0.1498014,0.1184598,0.1004359,0.09359533,0.09610978,0.1010675,0.1087538,0.1250849,0.1430407,0.1415249,0.1295578,0.1235632,0.1216833,0.1219762,0.126897,0.1387524,0.1546245,0.1712408,0.1877393,0.212818,0.2481745,0.2551336,0.2285901,0.2222559,0.2405382,0.2409997,0.2265527,0.2246016,0.2371652,0.254818,0.2685979,0.2791092,0.2903691,0.2977342,0.2978963,0.2902131,0.2882121,0.3215097,0.3861053,0.3940866,0.3477312,0.3243267,0.3327328,0.3481072,0.3524113,0.3630274,0.4045829,0.4669802,0.5275258,0.5723478,0.6005189,0.6031066,0.5886498,0.5716376,0.5561072,0.5134606,0.452168,0.3960668,0.3505898,0.3225766,0.3197417,0.3377855,0.3663405,0.3939022,0.418608,0.4329275,0.4229357,0.4005959,0.3960544,0.4176385,0.4778885,0.5286496,0.4741981,0.4004771,0.3739074,0.358305,0.3226189,0.2869796,0.2735448,0.2794598,0.304456,0.3481288,0.3938102,0.4105173,0.4387481,0.4899364,0.56061,0.5898436,0.4891748,0.3995426,0.3783576,0.3888288,0.388992,0.3866011,0.4258369,0.5282967,0.6966274,0.9012349,1.089393,1.202092,1.227827,1.19282,1.134045,1.123219,1.187945,1.178149,1.049394,0.8718162,0.7037892,0.5812598,0.5232866,0.5251608,0.5911959,0.6696353,0.6608048,0.5786608,0.4981825,0.4228455,0.3429868,0.278585,0.2440592,0.2333813,0.2379584,0.256455,0.2955958,0.3499928,0.4034321,0.4261767,0.4243226,0.3977664,0.3453931,0.3060291,0.2745174,0.2472911,0.2330887,0.2098116,0.1868505,0.180628,0.1815359,0.1802335,0.1812135,0.1869674,0.2000036,0.2163241,0.2397059,0.2654285,0.299903,0.3336278,0.3781426,0.4368775,0.4742548,0.4152854,0.3730645,0.3897893,0.4305857,0.5012289,0.6338294,0.814132,1.01288,1.082843,1.117419,1.187043,1.132641,0.9541907,0.5927762,0.441307,0.367929,0.271593,0.1915581,0.155658,0.1406952,0.1306206,0.12725,0.1392781,0.157033,0.1812107,0.221342,0.324059,0.4573653,0.4902448,0.4299525,0.3789384,0.3809834,0.3159021,0.2450921,0.2193387,0.2338952,0.275381,0.2942309,0.2839392,0.3108128,0.3801834,0.4742836,0.5477109,0.5449118,0.5270566,0.5405267,0.62345,0.7865122,0.8925149,1.041022,1.219217,1.335149,1.317089,1.163101,1.00887,0.8702137,0.7570679,0.7244777,0.7942666,1.120082,1.447738,1.577659,1.561612,1.220935,0.936263,0.7638992,0.690083,0.6617271,0.678589,0.6985584,0.7112266,0.6941627,0.6335431,0.5591726,0.4684012,0.3647566,0.248788
S21,HC,fluo,0.4020793,0.417823,0.4446475,0.4769869,0.5090131,0.5205452,0.5063297,0.5086615,0.5323569,0.567603,0.6115828,0.629282,0.6397442,0.6420502,0.6070461,0.5719627,0.5366421,0.5048296,0.4740593,0.4540114,0.4494013,0.4601486,0.4760269,0.4922838,0.4940595,0.4702345,0.4440579,0.4212109,0.4036902,0.3941236,0.3813007,0.3688885,0.3589021,0.3495376,0.3431144,0.3372248,0.334812,0.3361875,0.3486497,0.3806466,0.4304704,0.4817459,0.518013,0.5265394,0.4969551,0.4647063,0.4430141,0.4401345,0.4726334,0.5801256,0.8041356,1.060298,1.022822,0.7650231,0.546608,0.4215119,0.361431,0.3431998,0.3471386,0.3579038,0.3732697,0.4063809,0.4572919,0.5217791,0.5872996,0.6577667,0.7116827,0.7263846,0.700701,0.6344273,0.5440994,0.4602749,0.3990305,0.3650343,0.355213,0.3573749,0.3622529,0.3733579,0.4093194,0.4916793,0.600203,0.6575528,0.5939937,0.4928427,0.4484533,0.4497868,0.4635308,0.476932,0.4757216,0.4613388,0.4395876,0.4145169,0.3983352,0.3905966,0.3835871,0.3778438,0.3769136,0.3752348,0.3745807,0.3789677,0.386005,0.3923267,0.3990181,0.4151151,0.4440915,0.4692387,0.4684446,0.4470815,0.4280864,0.4114729,0.3964946,0.3857756,0.3830712,0.3859166,0.3925057,0.4048319,0.4179088,0.4264666,0.4371905,0.4496994,0.4651715,0.4799521,0.4998621,0.5281962,0.5572462,0.5869539,0.6221862,0.661448,0.7130659,0.7666329,0.8103018,0.8507594,0.8978617,0.9432665,0.9765356,0.9855831,0.9949088,1.005914,0.9867849,0.964564,0.9450417,0.9148319,0.879906,0.8428372,0.8176427,0.8104538,0.8069709,0.78406,0.7520151,0.7266084,0.7148896,0.7217829,0.7528819,0.7697971,0.7495525,0.7142178,0.7001647,0.7052209,0.7109745,0.7130428,0.7090809,0.7004496,0.7053678,0.7168484,0.7257266,0.7440447,0.8040692,0.9021717,1.002496,1.074888,1.107319,1.096496,1.050712,0.9688928,0.8814867,0.8158278,0.7833584,0.7633603,0.7416246,0.7188914,0.7086921,0.7092807,0.7006871,0.6793322,0.6552052,0.6272417,0.5958375,0.5645395,0.5432934,0.5308239,0.5231556,0.5179886,0.5170979,0.5225702,0.5352174,0.5533841,0.5738085,0.5891917,0.5985833,0.606986,0.6249642,0.651814,0.6822699,0.7112441,0.7372086,0.7499827,0.7563866,0.7757358,0.8083361,0.8358444,0.860903,0.8883556,0.9148607,0.934182,0.9513067,0.9585182,0.9521878,0.9342884,0.9174251,0.9115769,0.9120399,0.9083662,0.9094524,0.9044704,0.8885033,0.8651531,0.844047,0.8323049,0.8166215,0.7854907,0.7533959,0.7335522,0.7188223,0.6983274,0.677354,0.66166,0.6547066,0.6521922,0.6542132,0.6623963,0.6827816,0.7130107,0.7523346,0.7987604,0.8440263,0.9012212,0.9717667,0.9924055,0.9244656,0.8888881,0.891428,0.8926123,0.902073,0.914466,0.9281961,0.9494678,1.001507,1.047217,1.004278,0.9249971,0.8967205,0.8725458,0.8565655,0.8366715,0.8083614,0.7835223,0.7814468,0.7870902,0.8178171,0.8603968,0.923886,0.9445795,0.9630554,0.9591685,0.9412476,0.9261262,0.9193659,0.8993323,0.8876077,0.8711386,0.8655162,0.8435734,0.8167809,0.8014958,0.8109312,0.7951438,0.7221848,0.6165217,0.538929,0.4834355,0.4464066,0.4209432,0.3977817,0.3806483,0.3634228,0.3448204,0.3382523,0.332903,0.3266688,0.3175074,0.3150359,0.3136737,0.3127425,0.3101906,0.3103747,0.3121535,0.3157166,0.3234763,0.3335132,0.3429719,0.3622301,0.3954839,0.4225512,0.4446111,0.4737954,0.5587907,0.7211301,0.8547284,0.9466844,0.9480255,0.7936039,0.6182755,0.4748628,0.3848724,0.3217248
S22,HC,fluo,0.3089609,0.3410476,0.3480845,0.3477281,0.3667958,0.3716231,0.3753615,0.4003811,0.4359833,0.4655665,0.4819922,0.4840118,0.4921002,0.5024007,0.4843747,0.4490669,0.4101019,0.3820491,0.3636692,0.3496116,0.3474155,0.3502258,0.3587197,0.3795081,0.3824086,0.3598267,0.3424284,0.3331554,0.3247598,0.3087632,0.2935105,0.289848,0.2900103,0.2854859,0.2782316,0.2706904,0.2671915,0.2634861,0.2712752,0.3013434,0.343603,0.3850687,0.4096444,0.4139146,0.3949547,0.3650409,0.3450857,0.3441159,0.3734558,0.4567403,0.6537669,0.8981158,0.850825,0.6139402,0.4262384,0.3215338,0.2780421,0.2679805,0.2719802,0.2804965,0.2934155,0.3173596,0.3582299,0.4082924,0.4521684,0.4938449,0.5411562,0.5696149,0.5481911,0.4859983,0.4142811,0.3554566,0.3167393,0.2949316,0.2891893,0.2909927,0.2898422,0.298576,0.3352832,0.4038831,0.4945126,0.5370663,0.4772879,0.3953853,0.3601902,0.3608667,0.3707828,0.3770485,0.3767976,0.36719,0.3498738,0.331214,0.3170181,0.3098531,0.3053336,0.301689,0.300077,0.2996705,0.303037,0.3042889,0.3091473,0.3142132,0.3176842,0.3270596,0.3446827,0.3625875,0.3639371,0.3506538,0.3367259,0.3236053,0.3125512,0.3064343,0.3051119,0.306969,0.3134753,0.3214839,0.3307492,0.340378,0.3529332,0.3631224,0.3737611,0.3851385,0.3986735,0.4184573,0.4421673,0.4679637,0.4997879,0.5363756,0.5766541,0.6201698,0.6647061,0.7045831,0.7459133,0.7855605,0.8219042,0.8448926,0.8634035,0.8715191,0.8588105,0.8347786,0.8135093,0.783769,0.7416567,0.6963831,0.6622553,0.6568653,0.6571067,0.6289408,0.5940226,0.5755855,0.5688955,0.5787928,0.6054718,0.619284,0.6053444,0.5774844,0.5604755,0.5602904,0.568241,0.5714465,0.5697723,0.5648606,0.5678539,0.5805404,0.5912645,0.6100945,0.6629402,0.7577534,0.8803032,0.9811835,1.027856,1.012218,0.9278453,0.8128858,0.7185537,0.6543916,0.6194928,0.5977252,0.5816302,0.5689548,0.5634218,0.5606881,0.5498031,0.5329913,0.5143,0.4905666,0.4662001,0.4435578,0.4265617,0.415615,0.4089908,0.4052714,0.4072552,0.4139609,0.4236886,0.43528,0.4505669,0.4629271,0.4706195,0.4793008,0.4963236,0.5237002,0.5530919,0.5761518,0.596952,0.6093718,0.6169198,0.6341364,0.6640649,0.6905202,0.7142059,0.7456646,0.7836298,0.8087525,0.8210646,0.8266285,0.8251274,0.8068515,0.7854865,0.7742251,0.7685235,0.7640063,0.7607911,0.7476608,0.7258281,0.7046491,0.6914372,0.6823809,0.664722,0.6365377,0.6097013,0.5939054,0.5825217,0.5662023,0.5505159,0.5374743,0.5326133,0.5321987,0.5354379,0.5427529,0.5589033,0.5822952,0.6120614,0.6519055,0.6979157,0.7567027,0.831481,0.8548529,0.7850067,0.749264,0.7563332,0.7643108,0.7751536,0.7860325,0.7995281,0.8182991,0.8753156,0.9413802,0.8920878,0.7997899,0.7655359,0.726926,0.7025775,0.6825762,0.6655326,0.6475185,0.64306,0.6512491,0.6789317,0.7185155,0.7982745,0.8254135,0.8383125,0.8370702,0.8243324,0.8006964,0.7832319,0.7580589,0.7449771,0.7305847,0.7217219,0.698377,0.6706349,0.6522589,0.6540812,0.6375123,0.5732013,0.4851784,0.4229677,0.3768215,0.3448915,0.3246322,0.3090767,0.2977752,0.2864845,0.2732659,0.2672613,0.2622685,0.2598013,0.2539376,0.2527518,0.2531464,0.2520042,0.250516,0.2510545,0.2518394,0.2556973,0.2616976,0.266589,0.2716755,0.2867898,0.3115335,0.3281414,0.343802,0.3648166,0.4266764,0.5545225,0.6755377,0.7771003,0.7871977,0.6372789,0.4881785,0.3731011,0.3037069,0.2583991
S23,HC,fluo,0.291843887,0.303875257,0.315535883,0.322914948,0.328195431,0.333529439,0.336806415,0.343836811,0.355887859,0.373755119,0.39313108,0.407742997,0.415215129,0.414705642,0.400328963,0.352066638,0.334059668,0.319202413,0.30865582,0.302399365,0.300193429,0.306727391,0.319240938,0.329377651,0.330455436,0.32484545,0.315082487,0.304994924,0.297546748,0.292737697,0.288328035,0.286032138,0.285488832,0.287886934,0.09117641,0.08403551,0.08016575,0.0829762,0.09040702,0.103135,0.1193269,0.1342717,0.1465941,0.1509325,0.1442361,0.1330797,0.1219446,0.1186561,0.1330723,0.1842412,0.3260178,0.5134259,0.4787554,0.3018449,0.1752556,0.1106563,0.08549064,0.07935737,0.07990305,0.08110462,0.09105192,0.1077332,0.1261653,0.1497874,0.1793094,0.208592,0.2342156,0.2455623,0.2338326,0.2031475,0.1616233,0.1241038,0.1006776,0.09130457,0.09235281,0.09297127,0.09396319,0.09966934,0.1163353,0.1527089,0.2052253,0.2276707,0.1932224,0.1465748,0.126628,0.1286227,0.1347152,0.1383086,0.1400315,0.1366292,0.1283877,0.1200414,0.1139269,0.110525,0.1079434,0.1067628,0.1080108,0.1094689,0.1109303,0.1110641,0.1125086,0.1158077,0.118538,0.1240509,0.1356425,0.1448103,0.1432922,0.1350685,0.1285066,0.1230724,0.1196692,0.1178655,0.1168388,0.1151659,0.1177503,0.1244258,0.1298108,0.1324961,0.1366661,0.1423264,0.1488172,0.1535338,0.1599315,0.1706405,0.1833232,0.1942282,0.2081056,0.2279723,0.2475363,0.2660897,0.2872212,0.3108984,0.3373137,0.3658649,0.3903595,0.402765,0.4129745,0.4208888,0.4141038,0.3989734,0.3851123,0.3668828,0.3451199,0.3228791,0.3074121,0.2998216,0.2941632,0.2808386,0.2625002,0.2496005,0.2474429,0.2536381,0.2668766,0.2736639,0.2610041,0.2446618,0.240006,0.2411654,0.2420492,0.2411389,0.2406981,0.2390059,0.2398263,0.2474864,0.2559332,0.2667781,0.3009726,0.3693941,0.4651012,0.5612645,0.6162063,0.5997207,0.5282777,0.4343688,0.3545108,0.3071772,0.2862254,0.2731963,0.2597225,0.2504513,0.2477136,0.2463541,0.2416534,0.2312492,0.2181559,0.2043317,0.1892748,0.1763845,0.167133,0.1594415,0.1546144,0.1524428,0.1525953,0.1563804,0.1633077,0.1696107,0.1769325,0.1848642,0.1918775,0.1968131,0.2060721,0.2211102,0.2372116,0.2514638,0.2642322,0.2701453,0.2749059,0.2878715,0.3087995,0.3268705,0.3438863,0.3651951,0.3906315,0.4127151,0.4280691,0.4346029,0.4314819,0.4185956,0.4024224,0.3917119,0.3883058,0.38962,0.3878008,0.376892,0.3597875,0.3441699,0.3322496,0.3230864,0.3119001,0.2933182,0.2740975,0.264427,0.2570165,0.2461133,0.237044,0.230156,0.2262724,0.2246547,0.2268383,0.2328399,0.2424119,0.2553596,0.2735177,0.3009334,0.3321443,0.3744015,0.4353794,0.4619015,0.4050414,0.3730631,0.377999,0.3843719,0.3926743,0.4045208,0.4181761,0.4365609,0.4894958,0.5512925,0.5084487,0.4261137,0.3950587,0.3675847,0.3519421,0.3388014,0.3233041,0.3076066,0.306281,0.313677,0.3338606,0.3622395,0.4184547,0.444939,0.4587511,0.4616064,0.4525555,0.4275124,0.4162183,0.398456,0.3839317,0.3699976,0.362502,0.3464716,0.3263855,0.3144513,0.3155356,0.3056186,0.2644019,0.2077121,0.169973,0.14544,0.1284145,0.116089,0.1068812,0.1002449,0.09385691,0.08715393,0.08485132,0.08092406,0.07741681,0.07505149,0.07512156,0.07490662,0.07464338,0.07272604,0.0717816,0.07212071,0.07354512,0.07553501,0.07960063,0.0832618,0.09207474,0.1041655,0.111617,0.1185399,0.1304357,0.1676464,0.2438344,0.3196292,0.3846108,0.3922828,0.301641,0.2116976,0.143403,0.1030927,0.07902965
S24,HC,fluo,0.291843887,0.303875257,0.315535883,0.322914948,0.328195431,0.333529439,0.336806415,0.343836811,0.355887859,0.373755119,0.39313108,0.407742997,0.415215129,0.414705642,0.400328963,0.352066638,0.334059668,0.319202413,0.30865582,0.302399365,0.300193429,0.306727391,0.319240938,0.329377651,0.330455436,0.32484545,0.315082487,0.304994924,0.297546748,0.292737697,0.288328035,0.286032138,0.285488832,0.287886934,0.1628601,0.1595503,0.1581832,0.164277,0.1742392,0.1915353,0.2260879,0.2677521,0.2945842,0.3009875,0.2846987,0.2585084,0.242432,0.2426545,0.2651178,0.3435175,0.5542716,0.8723385,0.8285455,0.5327088,0.3299971,0.2286137,0.1876241,0.1743683,0.1754686,0.1825957,0.1952984,0.2216908,0.2621035,0.3084557,0.352704,0.3983322,0.4479315,0.4787184,0.4606884,0.3995215,0.3287638,0.2678502,0.2218495,0.1942682,0.1869227,0.1898409,0.1940037,0.2046158,0.235128,0.3022411,0.3955099,0.437988,0.377096,0.2934232,0.2544953,0.2528633,0.2646386,0.2762571,0.2759223,0.2624454,0.2455583,0.2309503,0.2182036,0.207653,0.2021469,0.2012145,0.1993839,0.1973297,0.1994595,0.2016026,0.2068319,0.2122022,0.2201247,0.2333456,0.2528989,0.2689345,0.2679016,0.2571312,0.2447897,0.2310741,0.2215293,0.2155804,0.2143405,0.2166656,0.2210808,0.2310186,0.2418249,0.248956,0.2563723,0.2659504,0.2781525,0.2897017,0.3024319,0.3209478,0.3462208,0.3724906,0.4022705,0.4376837,0.4757149,0.5185182,0.5679428,0.6210381,0.6825651,0.7407935,0.7807202,0.8038048,0.8232577,0.8252775,0.8081054,0.7839589,0.7571564,0.7259818,0.6821917,0.6320185,0.5987806,0.587541,0.582868,0.5555329,0.5201581,0.4925684,0.4826702,0.4985673,0.5296124,0.5413496,0.5214733,0.4911099,0.4803567,0.4845623,0.4899029,0.4919981,0.4908773,0.4867958,0.4910697,0.5038468,0.5114582,0.5301231,0.5963546,0.7203407,0.887324,1.04101,1.118786,1.095205,0.9807863,0.8149378,0.6755276,0.5895817,0.5524065,0.5358207,0.5171977,0.4975082,0.4888352,0.4872594,0.4791315,0.4594525,0.4371259,0.4111979,0.3858966,0.3621887,0.3429008,0.3302892,0.3259906,0.3239906,0.3240403,0.3285989,0.338832,0.3531615,0.3699289,0.3852291,0.3961531,0.4052818,0.4230535,0.4505162,0.4814468,0.509607,0.5350593,0.5465741,0.5541859,0.57727,0.6162806,0.6521944,0.6843368,0.7201874,0.7633671,0.8026588,0.8335429,0.8439013,0.8355768,0.8112971,0.7847054,0.7668936,0.7594011,0.7552246,0.7528285,0.7380467,0.7063283,0.6756332,0.6568071,0.6448123,0.6234854,0.5849735,0.5487898,0.5287883,0.513135,0.4935591,0.4762902,0.4620835,0.454917,0.450668,0.4540982,0.4652959,0.4835296,0.5105073,0.547481,0.5978296,0.6533538,0.7290192,0.8363122,0.8774674,0.7759516,0.7242289,0.7367783,0.7507265,0.7689971,0.7888128,0.8118857,0.84394,0.9362628,1.042409,0.957115,0.8154172,0.7681348,0.7204099,0.6902103,0.662341,0.6320354,0.606111,0.6009374,0.6115,0.6494517,0.7037162,0.8125092,0.8568961,0.8793248,0.8809533,0.861914,0.8227184,0.8076131,0.7698036,0.7423424,0.7168403,0.7047315,0.6766868,0.642419,0.6208826,0.6246724,0.6031992,0.5235763,0.4176646,0.3470877,0.2971901,0.2628256,0.2422081,0.2250492,0.2114179,0.198861,0.1861966,0.1807655,0.1740019,0.1693151,0.163895,0.1618783,0.1616101,0.1623121,0.1605238,0.1607181,0.1617534,0.1641273,0.1700996,0.1770387,0.1815324,0.1933791,0.2154963,0.2362649,0.253412,0.2745018,0.343049,0.4860568,0.6242183,0.7467109,0.7526422,0.5692708,0.406195,0.2864588,0.216277,0.1718067
S25,HC,fluo,0.291843887,0.303875257,0.315535883,0.322914948,0.328195431,0.333529439,0.336806415,0.343836811,0.355887859,0.373755119,0.39313108,0.407742997,0.415215129,0.414705642,0.400328963,0.352066638,0.334059668,0.319202413,0.30865582,0.302399365,0.300193429,0.306727391,0.319240938,0.329377651,0.330455436,0.32484545,0.315082487,0.304994924,0.297546748,0.292737697,0.288328035,0.286032138,0.285488832,0.287886934,0.2359999,0.2289617,0.2248976,0.2247071,0.2361571,0.2631254,0.3055228,0.3480843,0.3755608,0.3773893,0.3585216,0.3324566,0.3105556,0.3020354,0.3227791,0.4145333,0.6445166,1.000522,0.971894,0.6417392,0.4148805,0.2976859,0.2449538,0.2250468,0.2210742,0.2254595,0.2401505,0.269841,0.3143875,0.3668635,0.4222863,0.4855226,0.5472194,0.5753801,0.5491561,0.4786665,0.3932643,0.3133133,0.2610281,0.2368975,0.2297604,0.2308867,0.2339752,0.2449,0.2847869,0.3724221,0.4912649,0.543075,0.4675542,0.3656094,0.3214089,0.3236721,0.3371203,0.3449059,0.3440496,0.3325543,0.3133754,0.2982183,0.2880103,0.2802843,0.2753906,0.2730628,0.2693224,0.2657419,0.2676133,0.2687678,0.2681245,0.2702535,0.2785093,0.291649,0.3120663,0.3287677,0.3282786,0.3134412,0.296016,0.280741,0.268286,0.2580617,0.2520351,0.2533159,0.2609282,0.2688864,0.2777163,0.287434,0.2971427,0.3085665,0.3213785,0.3358553,0.3536936,0.3731983,0.4021938,0.4376041,0.4752302,0.51386,0.5607061,0.6148543,0.6671057,0.7215017,0.7858759,0.8498734,0.8963951,0.9161854,0.9348748,0.9577433,0.9488627,0.9205151,0.8952757,0.8606166,0.807572,0.7493861,0.7055382,0.6924536,0.6900736,0.6610754,0.623951,0.5892313,0.5740597,0.5961836,0.637413,0.6505353,0.6228921,0.5883508,0.5766694,0.5785701,0.5834804,0.585719,0.5814186,0.5739904,0.5776217,0.5919244,0.6057141,0.6285977,0.6999588,0.8332128,1.017318,1.208753,1.31656,1.277956,1.140743,0.9615956,0.8103173,0.7139421,0.6660762,0.6377951,0.6134264,0.5934394,0.5866207,0.5844235,0.5720974,0.5467484,0.5183465,0.4881052,0.4553918,0.4222008,0.3979375,0.3824998,0.3728242,0.3681063,0.3713287,0.3783365,0.3904914,0.4082823,0.4300511,0.448532,0.4601724,0.4703982,0.4921643,0.5273495,0.5655049,0.5992611,0.6298208,0.6457875,0.6572971,0.6875564,0.7366291,0.7746215,0.8095452,0.8576154,0.9132379,0.9617614,0.9956555,1.002738,0.9863478,0.9553562,0.9284998,0.9108069,0.9040101,0.9027402,0.9015416,0.8821886,0.8456869,0.8114915,0.7854145,0.7661032,0.7418965,0.7013682,0.6619277,0.6387427,0.6187975,0.5933489,0.5724015,0.5529274,0.5411127,0.5366369,0.5389984,0.5505864,0.5716374,0.5998878,0.6408,0.7012882,0.7666228,0.8510905,0.9725218,1.031335,0.9173019,0.8524805,0.8607957,0.8743,0.9021702,0.9362457,0.9634973,0.9960853,1.104492,1.224234,1.126177,0.971206,0.913029,0.8491556,0.8192856,0.7918229,0.7617391,0.7302774,0.7221562,0.7350503,0.7769544,0.8303977,0.959223,1.013733,1.042158,1.043217,1.023018,0.9757473,0.9596132,0.9161692,0.8849308,0.8585314,0.8470474,0.8143282,0.7723758,0.745064,0.752184,0.7276052,0.6298963,0.5032308,0.419691,0.3614612,0.322558,0.2974697,0.2763143,0.2609367,0.2462783,0.2304555,0.2235124,0.2158291,0.2116302,0.2060358,0.2027438,0.1994691,0.1980973,0.1966582,0.19545,0.1946789,0.1964977,0.1996446,0.2049128,0.2106375,0.2270528,0.2549158,0.2748936,0.2913721,0.3150036,0.392709,0.5569474,0.7186835,0.8616096,0.8729687,0.6672921,0.4783868,0.3367327,0.2526895,0.1987064
S26,HC,opaque,0.06205965,0.061063,0.07332786,0.08683691,0.09879761,0.1099721,0.1203404,0.1258302,0.1377134,0.1643437,0.1858444,0.1965293,0.2033943,0.1972306,0.185092,0.1712296,0.1494671,0.136466,0.1321069,0.1220078,0.1153583,0.1160033,0.1119938,0.1095596,0.1094337,0.1159767,0.1225282,0.1228334,0.1249959,0.1270408,0.1332139,0.1457307,0.1431633,0.1324072,0.1312132,0.1348649,0.1384737,0.142685,0.1467606,0.1478946,0.1527333,0.1607981,0.1661507,0.1730728,0.1877408,0.1985228,0.207299,0.2247495,0.2678584,0.3808557,0.6642492,1.084304,1.008303,0.6363206,0.391034,0.2836595,0.249345,0.2502273,0.2655014,0.2827407,0.3038724,0.3390601,0.388105,0.4391496,0.4935844,0.5593292,0.6328465,0.6687339,0.6126372,0.5204422,0.4410089,0.3824135,0.3403645,0.3113072,0.2861137,0.2686091,0.2563773,0.2539347,0.254095,0.2407179,0.2295518,0.2245986,0.2229985,0.2236809,0.2195092,0.2148312,0.2151759,0.2158635,0.2125718,0.2042287,0.1931167,0.1832317,0.1773621,0.1735806,0.1658237,0.1560944,0.1514001,0.1476623,0.1429816,0.1386773,0.1387563,0.1413216,0.1455166,0.1537596,0.1688186,0.1780405,0.16884,0.1526145,0.1399922,0.126928,0.1140605,0.1062523,0.10557,0.1066708,0.1088261,0.1135557,0.1228275,0.1278147,0.1216111,0.1132248,0.1082392,0.1027264,0.09892979,0.09959286,0.1035118,0.1051119,0.1026591,0.1008561,0.1056329,0.1157541,0.1277942,0.1365809,0.1472868,0.1724992,0.2131532,0.2546126,0.2803611,0.269693,0.2207003,0.1777178,0.1651302,0.1668297,0.1668511,0.1684261,0.1791642,0.1952895,0.2137266,0.2298559,0.2355607,0.234904,0.2440799,0.2710498,0.2808694,0.2497923,0.2209432,0.2104997,0.2053047,0.2034894,0.213592,0.2229558,0.2174873,0.2067364,0.1989197,0.1965374,0.2090072,0.2354021,0.2743801,0.3287036,0.3961367,0.4632478,0.5089109,0.5284635,0.547408,0.5617855,0.552453,0.5330072,0.4922947,0.4232113,0.3688161,0.3391544,0.3315566,0.3424629,0.3398995,0.3091454,0.2849858,0.2825741,0.3034321,0.3235388,0.2981814,0.2569871,0.2457506,0.2653527,0.301066,0.3336016,0.3603107,0.3555616,0.3178114,0.2840095,0.2598373,0.2382051,0.2218049,0.2141775,0.2199252,0.2495378,0.2673273,0.2431826,0.229841,0.2148446,0.1906974,0.1760947,0.1716342,0.1733477,0.1850511,0.2080728,0.2390352,0.2752177,0.3130119,0.3076903,0.2461422,0.2009173,0.1868343,0.1918832,0.2065672,0.2175918,0.208906,0.197657,0.2027129,0.2160593,0.2147297,0.1973232,0.1817959,0.1768275,0.1733184,0.1686562,0.1634148,0.1525202,0.1437527,0.142263,0.1440981,0.1430669,0.1487437,0.1677961,0.2031721,0.2593505,0.3283367,0.4217228,0.5491393,0.5991456,0.4618095,0.3738068,0.329837,0.2772109,0.2194553,0.1910623,0.1897969,0.2141617,0.3274112,0.5017752,0.4340816,0.2898741,0.2581164,0.3229309,0.4136512,0.4572498,0.4211162,0.3081898,0.2323457,0.1884047,0.1594857,0.1451648,0.1421069,0.145068,0.149432,0.1466225,0.1290733,0.1099542,0.105703,0.1007442,0.09948202,0.1104957,0.1298677,0.1418988,0.1538093,0.1784195,0.2203763,0.2532762,0.2216775,0.1566419,0.1185131,0.1015272,0.09086898,0.08307833,0.07742743,0.07538939,0.07503101,0.07593291,0.07721629,0.07974851,0.08374558,0.09305143,0.1015159,0.1080645,0.121543,0.1599679,0.1876248,0.1628775,0.1391716,0.1339523,0.1419819,0.1544152,0.1792071,0.2084317,0.2230983,0.2389869,0.2640429,0.343811,0.5125581,0.6872582,0.8522796,0.8743235,0.6417885,0.4313162,0.2755877,0.188671,0.1382139
S27,HC,opaque,0.03721311,0.03126271,0.03208469,0.03807263,0.04231467,0.04724303,0.05454717,0.06013705,0.0709885,0.08273172,0.09337779,0.1073584,0.1068635,0.09679352,0.08805886,0.07921559,0.07424867,0.06758613,0.0573407,0.04842727,0.04062692,0.03674607,0.03533594,0.03495799,0.037683,0.04389739,0.05074463,0.05285891,0.05695716,0.06080383,0.06368606,0.07112489,0.07527466,0.07583709,0.07804135,0.07972172,0.08173689,0.08601009,0.08886503,0.09056699,0.09593184,0.1057695,0.1134263,0.1156965,0.1227822,0.1331057,0.1443969,0.1607175,0.193779,0.282329,0.513997,0.8621958,0.7962918,0.4756325,0.2732206,0.1891306,0.1680511,0.1714212,0.1833149,0.1989384,0.2160699,0.2411178,0.2740179,0.3104982,0.3506221,0.3971946,0.4456035,0.4682565,0.433795,0.3726768,0.3164808,0.2752331,0.2460325,0.2241728,0.2078706,0.194851,0.1830512,0.1798462,0.1798915,0.1725304,0.1647867,0.1616484,0.1602498,0.1579729,0.1540307,0.1508186,0.1487347,0.1472555,0.1423546,0.1353099,0.1290386,0.1223864,0.1161327,0.1126329,0.1083899,0.100677,0.09512437,0.09162389,0.08664323,0.08164563,0.08001379,0.0811325,0.08255601,0.08671678,0.0973595,0.1069242,0.1009643,0.08830242,0.07673714,0.06433741,0.05465316,0.04912664,0.04930781,0.05207501,0.05369911,0.0556428,0.06245097,0.06914263,0.06545608,0.05840797,0.05400724,0.04998139,0.0486031,0.04940161,0.05177306,0.05307654,0.05314685,0.05458775,0.05691297,0.06315339,0.07238783,0.07876601,0.08740407,0.106456,0.1361329,0.1661511,0.1856094,0.1780879,0.1422046,0.1111438,0.1017867,0.1030446,0.1030269,0.1051742,0.1117443,0.1224916,0.1362178,0.1474661,0.1528886,0.1533943,0.159788,0.1759482,0.1801453,0.1591294,0.1406559,0.1333953,0.1302021,0.1298808,0.1360037,0.1423881,0.1394684,0.1319979,0.1251585,0.1238216,0.1327752,0.1514308,0.1817105,0.221577,0.269017,0.3159703,0.349273,0.3637744,0.3744422,0.3837005,0.3786244,0.3675513,0.3405283,0.2897801,0.2487496,0.2272179,0.2224191,0.2295714,0.2289127,0.2095023,0.1925391,0.1894225,0.2049002,0.2196547,0.2011012,0.1718795,0.1634317,0.1764495,0.2019994,0.2261351,0.2458224,0.2420074,0.2134704,0.1876632,0.1711738,0.1569838,0.1459954,0.1400537,0.1437287,0.1646146,0.1766287,0.1586609,0.1492565,0.1389114,0.1213742,0.109954,0.1061472,0.1065285,0.1131889,0.128986,0.150567,0.1756771,0.2027845,0.1999439,0.1561309,0.122465,0.1106951,0.1129237,0.1225101,0.1296073,0.1229878,0.1140627,0.1161304,0.1252852,0.1241328,0.1100963,0.09672359,0.09255106,0.09107199,0.08721825,0.08185869,0.07357343,0.06632815,0.06480598,0.06746881,0.06589942,0.06990135,0.08592802,0.1145459,0.1569249,0.2070776,0.2781589,0.3750031,0.4099861,0.3059982,0.2392988,0.2067597,0.1684548,0.1255179,0.1079258,0.1097889,0.1291889,0.2167393,0.3454553,0.2962367,0.1878561,0.1649205,0.2158594,0.2808489,0.3106054,0.2837103,0.200816,0.1453025,0.1132137,0.09229437,0.08360036,0.08503534,0.08758094,0.09069142,0.08906365,0.07743416,0.0658068,0.06348088,0.05986984,0.05981598,0.0697941,0.08405858,0.09245811,0.100729,0.1183644,0.147466,0.1692063,0.1474208,0.1026938,0.07606087,0.06412009,0.05705661,0.05146708,0.04667557,0.04428813,0.04404882,0.04383548,0.04366798,0.04437546,0.04704766,0.05236214,0.05608433,0.06002526,0.06907694,0.09512527,0.1139209,0.09409811,0.07424317,0.06867091,0.07367195,0.08150298,0.09889276,0.1192432,0.1284281,0.1382459,0.1556329,0.2170744,0.3440566,0.4731856,0.5944222,0.6120805,0.4448412,0.2903742,0.1750828,0.1079289,0.06729878
S28,HC,opaque,0.06611041,0.06690492,0.06125101,0.07599424,0.09097629,0.09787284,0.1110933,0.1261889,0.1382385,0.1579417,0.1766486,0.1800416,0.1765837,0.1737291,0.1657396,0.1553797,0.1504122,0.1433747,0.1287442,0.1204197,0.119062,0.1169712,0.1161843,0.1204188,0.1234841,0.1263677,0.134185,0.1388177,0.142602,0.1472379,0.153512,0.1589242,0.161311,0.1656498,0.167616,0.1623076,0.161509,0.167614,0.1743681,0.1797209,0.1845006,0.1907634,0.1965269,0.1970531,0.2058824,0.2167234,0.2294032,0.24907,0.2861643,0.3840693,0.6285272,0.9663392,0.8733645,0.5491143,0.3454761,0.2656341,0.2481372,0.2504719,0.2632089,0.2791999,0.2956831,0.3191298,0.3536331,0.4004739,0.4518971,0.505999,0.5542119,0.5606484,0.5121049,0.4496913,0.3934873,0.3493484,0.3153679,0.289506,0.2714806,0.2555413,0.2458096,0.2441169,0.2412276,0.2320684,0.2261823,0.2207803,0.2180322,0.218054,0.213792,0.2075741,0.2059081,0.2054534,0.201037,0.1948121,0.1911253,0.1860554,0.1792132,0.1752766,0.1701593,0.1634815,0.1600353,0.1568905,0.1533903,0.1507718,0.1506917,0.1517266,0.1554522,0.1644555,0.1776226,0.1871386,0.1825928,0.1698628,0.1577297,0.1464217,0.1403842,0.1384976,0.1388085,0.1411779,0.1442961,0.1494463,0.1587208,0.1650768,0.1617035,0.1561259,0.15381,0.1500223,0.1473086,0.14872,0.1520736,0.1537441,0.1523291,0.1516197,0.155805,0.1651361,0.174533,0.1786503,0.1855972,0.2053786,0.2383821,0.2688713,0.2894265,0.2863867,0.2480013,0.2084927,0.1951606,0.1974483,0.199268,0.1999627,0.2049276,0.2159071,0.231117,0.2426496,0.2472327,0.2485099,0.2554902,0.2741735,0.2788161,0.2524794,0.2302664,0.2232002,0.220449,0.2211708,0.2259682,0.2278151,0.2222253,0.2145365,0.2102858,0.2128275,0.2235873,0.2453906,0.2796225,0.3261968,0.3839265,0.438676,0.4733163,0.4829751,0.4923187,0.5018271,0.49427,0.4805986,0.4511892,0.3968805,0.3510198,0.328225,0.324674,0.3314299,0.3284022,0.3064407,0.2890971,0.287591,0.3041451,0.3180771,0.2978466,0.2690359,0.2616916,0.2769223,0.30552,0.3299484,0.3485898,0.3454049,0.318195,0.2925494,0.2747058,0.2594357,0.2479645,0.2426983,0.2479227,0.2707092,0.2830307,0.2638291,0.2535208,0.2425438,0.2254852,0.2150552,0.2112089,0.2114908,0.2195977,0.2360133,0.2579134,0.2842748,0.3132696,0.3125914,0.2671477,0.2310176,0.2193684,0.2224673,0.2326293,0.2409675,0.2343909,0.2246244,0.2288882,0.2406873,0.2394398,0.2244098,0.2107378,0.2048385,0.2006825,0.1957155,0.1904755,0.1814422,0.1740406,0.1720183,0.1732576,0.1729019,0.1786776,0.1969355,0.2289264,0.2776544,0.3352903,0.4124534,0.5175581,0.5542234,0.4342997,0.3589707,0.3227561,0.2801698,0.2343037,0.2133947,0.2141772,0.2362656,0.3331584,0.4739507,0.4116804,0.2893189,0.2637942,0.3143376,0.3778529,0.4082839,0.3830418,0.3016622,0.2458321,0.2110955,0.1879117,0.1771941,0.1793526,0.18253,0.185631,0.1840702,0.1722655,0.159412,0.1556447,0.1508313,0.1503294,0.1615106,0.1779897,0.1877695,0.1964562,0.2157218,0.2498281,0.2757504,0.2496064,0.1972689,0.1673758,0.1544964,0.1458482,0.1394146,0.1346003,0.1321434,0.13085,0.1307367,0.1317476,0.133039,0.1368265,0.1447677,0.148563,0.1524966,0.1625854,0.1915844,0.2133775,0.1931265,0.1739195,0.1723464,0.17917,0.1886378,0.2107623,0.2371383,0.2491141,0.26203,0.2830355,0.3508339,0.4915218,0.6320505,0.756311,0.7672963,0.5825528,0.4127356,0.2838914,0.2092637,0.1657765
S29,HC,opaque,0.01598215,0.01177278,0.006939002,0.006995029,0.00781673,0.01325307,0.02099155,0.0253914,0.04168638,0.06290066,0.07784966,0.08700286,0.0909448,0.08517948,0.0715633,0.06065849,0.05106227,0.04010797,0.0281348,0.02068609,0.01539372,0.01043939,0.01014862,0.01465561,0.01770343,0.02316156,0.03292553,0.03846666,0.04436398,0.04992514,0.05498397,0.06241291,0.0652917,0.06284196,0.06124701,0.06220225,0.0685114,0.0742013,0.07861668,0.08294071,0.08768509,0.09624511,0.1047634,0.1102898,0.12328,0.1366697,0.1455578,0.1560416,0.1851579,0.2722478,0.5097225,0.8930846,0.8476832,0.5033607,0.2865048,0.1984129,0.1754245,0.1784698,0.1899916,0.2035387,0.2193826,0.2428494,0.2744597,0.3155628,0.359884,0.4102658,0.4665548,0.4933157,0.4525895,0.3869233,0.3279455,0.2856936,0.2560368,0.2341998,0.2146172,0.1976642,0.1867275,0.1835137,0.1820005,0.1739306,0.1654648,0.158076,0.1512954,0.1511508,0.1505047,0.1445845,0.1374488,0.1353883,0.1334899,0.125772,0.1151891,0.1047766,0.09863237,0.09614934,0.09007934,0.08094203,0.07139698,0.06402417,0.05953931,0.05517705,0.05215399,0.04885747,0.04719915,0.05240255,0.06526736,0.07521449,0.06992357,0.0549017,0.04089333,0.02941575,0.0203633,0.01411169,0.0113844,0.01268903,0.01524441,0.01893299,0.02724337,0.03334025,0.02745488,0.01984414,0.01723442,0.0134429,0.01136675,0.01418772,0.01766178,0.01833527,0.01699278,0.01712149,0.02157062,0.03220896,0.0437461,0.05091449,0.0616156,0.08226711,0.1141209,0.1460917,0.1661511,0.1598541,0.1235024,0.09062818,0.08175673,0.08477407,0.08615904,0.08934551,0.09905073,0.1106824,0.1232246,0.1342537,0.1402518,0.1430762,0.1506125,0.1695821,0.1752846,0.1521375,0.1321736,0.12486,0.1231845,0.1242947,0.1302651,0.1345017,0.1292903,0.121005,0.1160253,0.1159667,0.123702,0.1413753,0.1720832,0.2152527,0.2669186,0.319362,0.3570273,0.3710069,0.384705,0.3938037,0.384613,0.3717774,0.3449527,0.291451,0.2466014,0.2232885,0.2183375,0.2249161,0.2232906,0.2011774,0.1813592,0.1781621,0.1941921,0.2077547,0.1858495,0.1539399,0.1453328,0.1594666,0.1851144,0.2082027,0.2276458,0.2246195,0.1966082,0.1695752,0.1506732,0.1341611,0.1203152,0.1125503,0.1148738,0.13685,0.1504061,0.1312979,0.1194263,0.1071282,0.08747981,0.07424458,0.06990917,0.07023416,0.07766478,0.09396521,0.1153558,0.1406644,0.1698313,0.1692458,0.123764,0.08730299,0.07516655,0.07745416,0.08736441,0.09585416,0.08961096,0.08106401,0.08449721,0.09436208,0.09237126,0.07782584,0.06594519,0.06203488,0.05914932,0.05437698,0.04879062,0.0397347,0.03342212,0.03274689,0.03533508,0.03589359,0.04137243,0.05747434,0.08723627,0.1344282,0.1904512,0.2665312,0.3716574,0.4118719,0.2973887,0.2231459,0.1882766,0.14884,0.1045973,0.08417123,0.08632263,0.1079517,0.2013581,0.3396386,0.2839907,0.1666746,0.1409794,0.1871034,0.2517998,0.2838109,0.2603681,0.1817905,0.1269773,0.09247886,0.06965672,0.0597331,0.0595975,0.06219101,0.06584369,0.06414686,0.05142067,0.0395005,0.03676951,0.03156825,0.02920274,0.03702667,0.05111787,0.05905251,0.06764335,0.08639684,0.1186913,0.1433855,0.1205886,0.07191296,0.04238491,0.02784901,0.01773032,0.01080468,0.005145495,0.001002035,-0.001741475,-0.002195997,-0.001761374,-0.001989641,-0.000499209,0.004736434,0.007973427,0.01152395,0.02085337,0.04849672,0.06994696,0.05001763,0.02963556,0.02401711,0.02904567,0.03732875,0.05690609,0.08215564,0.09456364,0.1054965,0.1241561,0.1900367,0.3294981,0.4750234,0.6130208,0.6338402,0.4481567,0.2766505,0.148875,0.07519405,0.02983497
S30,HC,opaque,0.05703594,0.05504753,0.0579528,0.06664599,0.06709761,0.06182307,0.06403092,0.0788047,0.08858321,0.0922132,0.0994844,0.1092052,0.1113488,0.1037808,0.09256685,0.08669089,0.08219444,0.07431389,0.07344058,0.07417013,0.06853731,0.06236364,0.06166028,0.06165799,0.06054447,0.05767322,0.06107467,0.06917201,0.06969558,0.06673056,0.06560724,0.07002167,0.07681188,0.07789822,0.07368562,0.07145646,0.0730679,0.07475574,0.07669919,0.07603619,0.07714588,0.08178445,0.08568829,0.08709874,0.09186839,0.1003399,0.1095084,0.1176217,0.134822,0.2038425,0.3955837,0.6496544,0.5961329,0.3621428,0.205631,0.1429295,0.1280495,0.1289254,0.134116,0.1408499,0.1529002,0.1710833,0.1929188,0.2211318,0.2529147,0.2870384,0.3207707,0.3355997,0.3115735,0.2673839,0.2255809,0.1942206,0.1726906,0.1573886,0.1441038,0.1321943,0.1232272,0.1222169,0.1211913,0.1143144,0.1093553,0.1068421,0.1050563,0.104169,0.1026746,0.1012618,0.100845,0.1012048,0.09898634,0.09385382,0.08951804,0.08415993,0.08064885,0.07898196,0.0739302,0.06955918,0.06953219,0.06965672,0.06647415,0.0625764,0.06247381,0.066684,0.07057312,0.07649876,0.087332,0.09382541,0.09074197,0.08261324,0.07402874,0.06569635,0.06202815,0.06329742,0.06538898,0.06737009,0.06947153,0.07330947,0.07781252,0.08128582,0.07973645,0.07574466,0.07488366,0.07336603,0.07100774,0.07188766,0.07407977,0.07643747,0.07791015,0.07683904,0.07748402,0.08326854,0.09038784,0.09301876,0.09720824,0.1114672,0.1328145,0.1520397,0.1635468,0.1592113,0.1348965,0.1116133,0.1045148,0.1059877,0.105102,0.1059865,0.1097725,0.1160284,0.124092,0.1297576,0.1322471,0.1340761,0.1409086,0.1544157,0.1569656,0.1388726,0.1228938,0.115295,0.1108732,0.1084776,0.1113312,0.1153364,0.112765,0.1070223,0.1016915,0.09944794,0.1045132,0.1161811,0.137363,0.1669831,0.2021044,0.2381616,0.262877,0.2727149,0.2824484,0.2890047,0.2850227,0.2781361,0.2580682,0.2187314,0.1856824,0.1686457,0.1651312,0.1705676,0.1697999,0.1545703,0.1415609,0.1401633,0.1519188,0.1622568,0.1473888,0.125409,0.1194655,0.1303264,0.1503334,0.1694776,0.1839805,0.178302,0.1562019,0.137191,0.1248175,0.1140635,0.1060938,0.1030247,0.1079772,0.1259033,0.1347514,0.1213264,0.1145606,0.1068283,0.09479847,0.08765651,0.08588707,0.08694785,0.09324766,0.106397,0.1238262,0.1437662,0.1649901,0.1631165,0.1298489,0.1043863,0.0965877,0.09944407,0.1079024,0.1140606,0.1098439,0.1045966,0.107215,0.1127932,0.1117454,0.1032912,0.09536705,0.09247886,0.09143837,0.09079673,0.08887529,0.08318426,0.0789438,0.07866425,0.08085217,0.07998913,0.08343461,0.09572944,0.1160603,0.1451397,0.1804862,0.2284259,0.2951692,0.3216032,0.2501546,0.2010265,0.1778821,0.1508997,0.1209242,0.1076188,0.1085925,0.1227829,0.1871423,0.2756094,0.2399103,0.1625554,0.1465747,0.1838166,0.2317541,0.2528645,0.233148,0.1744608,0.1345175,0.1103396,0.09405251,0.08574682,0.08540783,0.08793607,0.09106598,0.09038197,0.08110354,0.07036264,0.06714749,0.06344518,0.06263461,0.06765899,0.07726549,0.0836815,0.0899815,0.1028488,0.1237941,0.1394405,0.1231684,0.08954027,0.07023735,0.0606948,0.0541861,0.04981677,0.04581883,0.04416849,0.04344432,0.041931,0.04140866,0.04213836,0.04398986,0.04712953,0.05012647,0.05349496,0.06109805,0.08169418,0.0960295,0.08116721,0.06581093,0.06151202,0.06654309,0.07381009,0.08708922,0.1021731,0.1099369,0.1181503,0.1322024,0.1789115,0.271549,0.3644703,0.4462257,0.4556686,0.3396195,0.2267952,0.1415432,0.09218948,0.06224546
